instance_num,count
1.0,1634032
2.0,48540
3.0,27275
4.0,18647
5.0,14439
6.0,9009
7.0,7787
8.0,6469
9.0,6112
10.0,9083
11.0,4127
12.0,3868
13.0,3994
14.0,2802
15.0,3249
16.0,2572
17.0,3026
18.0,2557
19.0,2532
20.0,2956
21.0,2375
22.0,2199
23.0,1973
24.0,1576
25.0,1938
26.0,1459
27.0,1560
28.0,1619
29.0,1904
30.0,2097
31.0,1394
32.0,1119
33.0,1228
34.0,1141
35.0,1225
36.0,1029
37.0,1050
38.0,1020
39.0,1131
40.0,1510
41.0,906
42.0,822
43.0,992
44.0,979
45.0,921
46.0,837
47.0,756
48.0,678
49.0,865
50.0,1215
51.0,843
52.0,598
53.0,626
54.0,592
55.0,715
56.0,777
57.0,787
58.0,918
59.0,829
60.0,770
61.0,619
62.0,567
63.0,761
64.0,922
65.0,867
66.0,670
67.0,600
68.0,605
69.0,683
70.0,886
71.0,647
72.0,682
73.0,744
74.0,548
75.0,560
76.0,409
77.0,414
78.0,328
79.0,464
80.0,680
81.0,527
82.0,367
83.0,400
84.0,372
85.0,411
86.0,287
87.0,355
88.0,257
89.0,329
90.0,279
91.0,486
92.0,326
93.0,374
94.0,254
95.0,362
96.0,445
97.0,304
98.0,345
99.0,361
100.0,3813
101.0,1388
102.0,938
103.0,917
104.0,767
105.0,836
106.0,683
107.0,666
108.0,589
109.0,902
110.0,558
111.0,452
112.0,473
113.0,426
114.0,430
115.0,615
116.0,680
117.0,559
118.0,403
119.0,392
120.0,367
121.0,320
122.0,259
123.0,307
124.0,288
125.0,224
126.0,233
127.0,191
128.0,208
129.0,225
130.0,176
131.0,204
132.0,223
133.0,192
134.0,164
135.0,214
136.0,167
137.0,163
138.0,144
139.0,160
140.0,202
141.0,189
142.0,137
143.0,127
144.0,128
145.0,169
146.0,123
147.0,159
148.0,99
149.0,148
150.0,158
151.0,129
152.0,98
153.0,126
154.0,151
155.0,390
156.0,189
157.0,191
158.0,155
159.0,188
160.0,177
161.0,103
162.0,116
163.0,324
164.0,115
165.0,130
166.0,202
167.0,104
168.0,105
169.0,113
170.0,101
171.0,118
172.0,129
173.0,188
174.0,85
175.0,414
176.0,94
177.0,174
178.0,93
179.0,112
180.0,90
181.0,98
182.0,120
183.0,87
184.0,88
185.0,116
186.0,95
187.0,87
188.0,68
189.0,132
190.0,64
191.0,99
192.0,52
193.0,75
194.0,43
195.0,77
196.0,80
197.0,88
198.0,81
199.0,74
200.0,814
201.0,256
202.0,70
203.0,124
204.0,72
205.0,90
206.0,62
207.0,111
208.0,76
209.0,62
210.0,102
211.0,70
212.0,69
213.0,82
214.0,94
215.0,95
216.0,106
217.0,117
218.0,34
219.0,79
220.0,71
221.0,96
222.0,53
223.0,906
224.0,172
225.0,155
226.0,116
227.0,162
228.0,147
229.0,134
230.0,106
231.0,63
232.0,58
233.0,36
234.0,41
235.0,75
236.0,74
237.0,78
238.0,56
239.0,29
240.0,79
241.0,56
242.0,93
243.0,48
244.0,56
245.0,60
246.0,33
247.0,50
248.0,48
249.0,90
250.0,63
251.0,84
252.0,59
253.0,65
254.0,58
255.0,50
256.0,468
257.0,35
258.0,46
259.0,48
260.0,50
261.0,54
262.0,31
263.0,38
264.0,49
265.0,31
266.0,33
267.0,111
268.0,28
269.0,27
270.0,39
271.0,31
272.0,32
273.0,36
274.0,26
275.0,37
276.0,32
277.0,44
278.0,28
279.0,47
280.0,17
281.0,35
282.0,27
283.0,41
284.0,34
285.0,33
286.0,32
287.0,28
288.0,125
289.0,34
290.0,33
291.0,92
292.0,52
293.0,20
294.0,32
295.0,39
296.0,24
297.0,31
298.0,33
299.0,56
300.0,364
301.0,153
302.0,22
303.0,35
304.0,30
305.0,30
306.0,33
307.0,41
308.0,26
309.0,92
310.0,35
311.0,22
312.0,33
313.0,17
314.0,22
315.0,55
316.0,49
317.0,19
318.0,32
319.0,40
320.0,39
321.0,20
322.0,12
323.0,574
324.0,129
325.0,51
326.0,22
327.0,14
328.0,16
329.0,12
330.0,19
331.0,21
332.0,26
333.0,17
334.0,22
335.0,11
336.0,23
337.0,25
338.0,16
339.0,31
340.0,32
341.0,687
342.0,69
343.0,56
344.0,63
345.0,37
346.0,41
347.0,54
348.0,80
349.0,52
350.0,24
351.0,29
352.0,35
353.0,53
354.0,29
355.0,23
356.0,27
357.0,42
358.0,20
359.0,17
360.0,22
361.0,12
362.0,25
363.0,33
364.0,30
365.0,29
366.0,17
367.0,24
368.0,17
369.0,33
370.0,15
371.0,37
372.0,27
373.0,17
374.0,18
375.0,19
376.0,26
377.0,86
378.0,27
379.0,21
380.0,23
381.0,144
382.0,17
383.0,22
384.0,19
385.0,23
386.0,21
387.0,19
388.0,17
389.0,6
390.0,22
391.0,24
392.0,13
393.0,15
394.0,6
395.0,12
396.0,22
397.0,14
398.0,10
399.0,12
400.0,78
401.0,15
402.0,12
403.0,23
404.0,16
405.0,23
406.0,9
407.0,11
408.0,12
409.0,17
410.0,11
411.0,23
412.0,15
413.0,21
414.0,42
415.0,26
416.0,9
417.0,23
418.0,24
419.0,19
420.0,5
421.0,30
422.0,4
423.0,10
424.0,17
425.0,11
426.0,18
427.0,16
428.0,15
429.0,18
430.0,9
431.0,7
432.0,12
433.0,11
434.0,10
435.0,9
436.0,24
437.0,29
438.0,10
439.0,14
440.0,15
441.0,25
442.0,16
443.0,14
444.0,18
445.0,17
446.0,16
447.0,17
448.0,16
449.0,22
450.0,26
451.0,14
452.0,32
453.0,29
454.0,29
455.0,44
456.0,28
457.0,38
458.0,37
459.0,44
460.0,28
461.0,37
462.0,36
463.0,35
464.0,25
465.0,32
466.0,13
467.0,33
468.0,23
469.0,30
470.0,20
471.0,29
472.0,27
473.0,16
474.0,23
475.0,27
476.0,12
477.0,29
478.0,34
479.0,21
480.0,33
481.0,33
482.0,48
483.0,36
484.0,98
485.0,39
486.0,22
487.0,53
488.0,13
489.0,19
490.0,14
491.0,43
492.0,14
493.0,21
494.0,16
495.0,9
496.0,13
497.0,30
498.0,19
499.0,15
500.0,192
501.0,14
502.0,19
503.0,8
504.0,15
505.0,28
506.0,13
507.0,18
508.0,27
509.0,33
510.0,16
511.0,30
512.0,26
513.0,23
514.0,18
515.0,17
516.0,9
517.0,39
518.0,85
519.0,132
520.0,33
521.0,22
522.0,13
523.0,9
524.0,21
525.0,11
526.0,32
527.0,24
528.0,17
529.0,25
530.0,19
531.0,18
532.0,11
533.0,19
534.0,4
535.0,29
536.0,9
537.0,12
538.0,14
539.0,7
540.0,9
541.0,11
542.0,11
543.0,15
544.0,8
545.0,15
546.0,14
547.0,5
548.0,8
549.0,8
550.0,5
551.0,7
552.0,5
553.0,7
554.0,13
555.0,7
556.0,5
557.0,5
558.0,8
559.0,16
560.0,11
561.0,40
562.0,9
563.0,6
564.0,3
565.0,9
566.0,10
567.0,4
568.0,2
569.0,7
570.0,7
571.0,9
572.0,5
573.0,16
574.0,5
575.0,12
576.0,11
577.0,27
578.0,15
579.0,22
580.0,17
581.0,16
582.0,22
583.0,8
584.0,6
585.0,20
586.0,5
587.0,2
588.0,9
589.0,21
590.0,10
591.0,13
592.0,10
593.0,14
594.0,5
595.0,15
596.0,4
597.0,4
598.0,4
599.0,37
600.0,116
601.0,23
602.0,6
603.0,11
604.0,13
605.0,6
606.0,14
607.0,13
608.0,12
609.0,8
610.0,7
611.0,3
612.0,3
613.0,5
614.0,14
615.0,7
616.0,9
617.0,8
618.0,3
619.0,16
620.0,13
621.0,11
622.0,3
623.0,9
624.0,5
625.0,6
626.0,6
627.0,9
628.0,4
629.0,14
630.0,3
631.0,4
632.0,8
633.0,8
634.0,3
635.0,16
636.0,10
637.0,6
638.0,7
639.0,3
640.0,9
641.0,10
642.0,7
643.0,10
644.0,7
645.0,11
646.0,14
647.0,11
648.0,6
649.0,10
650.0,4
651.0,6
652.0,5
653.0,10
654.0,14
655.0,21
656.0,6
657.0,11
658.0,14
659.0,8
660.0,9
661.0,11
662.0,8
663.0,10
664.0,9
665.0,15
666.0,2
667.0,1
668.0,11
669.0,6
670.0,4
671.0,9
672.0,12
673.0,3
674.0,11
675.0,9
676.0,6
677.0,1
678.0,18
679.0,16
680.0,15
681.0,14
682.0,8
683.0,20
684.0,20
685.0,12
686.0,28
687.0,8
688.0,4
689.0,5
690.0,31
691.0,5
692.0,10
693.0,4
694.0,3
695.0,5
696.0,7
697.0,17
698.0,2
699.0,10
700.0,21
701.0,10
702.0,2
703.0,8
704.0,3
705.0,5
706.0,3
707.0,7
708.0,16
709.0,19
710.0,4
711.0,5
712.0,5
713.0,8
714.0,8
715.0,6
716.0,9
717.0,29
718.0,15
719.0,11
720.0,18
721.0,11
722.0,3
723.0,21
724.0,7
725.0,20
726.0,5
727.0,9
728.0,8
729.0,8
730.0,3
731.0,6
732.0,10
733.0,17
734.0,5
735.0,9
736.0,52
737.0,2
738.0,3
739.0,5
740.0,9
741.0,26
742.0,3
743.0,13
744.0,10
745.0,11
746.0,7
747.0,10
748.0,11
749.0,7
750.0,3
751.0,6
752.0,3
753.0,17
754.0,3
755.0,21
756.0,3
757.0,4
758.0,7
759.0,9
760.0,6
761.0,12
762.0,1
763.0,20
764.0,5
765.0,15
766.0,8
767.0,7
768.0,3
769.0,8
770.0,10
771.0,6
772.0,1
773.0,9
774.0,20
775.0,5
776.0,1
777.0,17
778.0,4
779.0,2
780.0,1
781.0,30
782.0,2
783.0,17
784.0,3
785.0,3
786.0,6
787.0,6
788.0,9
789.0,16
790.0,12
791.0,6
792.0,6
793.0,37
794.0,5
795.0,14
796.0,7
797.0,10
798.0,8
799.0,95
800.0,861
801.0,10
802.0,7
803.0,7
804.0,3
805.0,11
806.0,6
807.0,9
808.0,3
809.0,15
810.0,8
811.0,4
812.0,1
813.0,7
814.0,3
815.0,6
816.0,1
817.0,6
818.0,3
819.0,2
821.0,3
822.0,4
823.0,6
824.0,4
825.0,4
826.0,1
827.0,3
828.0,2
829.0,16
830.0,3
831.0,1
832.0,1
833.0,18
834.0,4
835.0,5
836.0,5
837.0,2
839.0,3
840.0,2
841.0,10
842.0,4
843.0,4
844.0,6
845.0,16
846.0,7
847.0,16
848.0,5
849.0,7
850.0,6
851.0,10
852.0,10
853.0,4
854.0,3
855.0,29
856.0,4
857.0,4
858.0,14
859.0,4
860.0,2
861.0,12
862.0,3
863.0,1
864.0,5
865.0,7
866.0,7
867.0,5
868.0,5
869.0,7
870.0,9
871.0,7
872.0,4
873.0,3
874.0,2
875.0,4
876.0,5
877.0,17
878.0,5
879.0,9
881.0,2
882.0,4
883.0,12
884.0,1
885.0,9
886.0,4
887.0,10
888.0,3
889.0,9
890.0,5
891.0,4
892.0,1
894.0,1
895.0,4
896.0,5
897.0,4
899.0,1
900.0,25
901.0,10
903.0,13
904.0,2
905.0,9
906.0,1
907.0,6
908.0,8
909.0,7
910.0,3
911.0,7
912.0,2
913.0,15
914.0,3
915.0,9
916.0,1
917.0,18
918.0,5
919.0,10
920.0,7
921.0,10
922.0,4
923.0,12
924.0,4
925.0,4
926.0,4
927.0,1
928.0,6
929.0,8
930.0,2
931.0,1
932.0,1
933.0,10
934.0,7
935.0,4
936.0,4
937.0,7
939.0,16
940.0,3
941.0,3
943.0,5
944.0,2
945.0,8
946.0,4
947.0,7
948.0,2
949.0,8
950.0,4
951.0,3
952.0,3
953.0,9
954.0,1
955.0,8
957.0,6
958.0,3
959.0,17
960.0,5
961.0,4
962.0,3
963.0,11
964.0,4
965.0,4
966.0,1
967.0,4
968.0,4
969.0,14
970.0,9
971.0,8
973.0,2
974.0,17
975.0,7
976.0,1
977.0,6
978.0,2
979.0,5
980.0,2
981.0,3
982.0,2
983.0,3
984.0,3
985.0,4
986.0,2
987.0,7
988.0,5
989.0,2
990.0,4
991.0,3
992.0,2
993.0,3
994.0,4
995.0,1
996.0,2
997.0,8
998.0,2
999.0,9
1000.0,536
1001.0,55
1002.0,4
1003.0,3
1004.0,4
1005.0,2
1006.0,8
1007.0,2
1008.0,2
1009.0,6
1010.0,1
1011.0,6
1012.0,6
1013.0,2
1014.0,9
1015.0,3
1016.0,5
1017.0,7
1018.0,158
1019.0,16
1020.0,7
1021.0,5
1023.0,4
1024.0,4
1025.0,94
1026.0,3
1027.0,2
1028.0,3
1029.0,2
1030.0,3
1031.0,2
1032.0,3
1033.0,4
1034.0,1
1035.0,8
1036.0,2
1037.0,7
1038.0,22
1039.0,7
1040.0,3
1041.0,6
1042.0,12
1043.0,4
1044.0,10
1045.0,1
1046.0,4
1047.0,4
1048.0,5
1049.0,2
1050.0,2
1051.0,2
1052.0,15
1053.0,31
1054.0,7
1055.0,25
1056.0,4
1057.0,9
1058.0,3
1059.0,4
1060.0,5
1061.0,26
1062.0,3
1063.0,2
1064.0,5
1065.0,9
1066.0,4
1067.0,5
1068.0,1
1069.0,11
1070.0,5
1071.0,2
1072.0,4
1073.0,3
1074.0,3
1075.0,7
1076.0,9
1077.0,4
1078.0,5
1079.0,6
1080.0,5
1081.0,16
1082.0,6
1083.0,9
1084.0,6
1085.0,15
1086.0,8
1087.0,6
1088.0,3
1089.0,2
1090.0,6
1091.0,5
1092.0,3
1093.0,8
1094.0,2
1095.0,3
1096.0,3
1097.0,4
1098.0,5
1099.0,7
1100.0,5
1101.0,7
1102.0,3
1103.0,9
1104.0,8
1105.0,16
1106.0,5
1107.0,9
1108.0,6
1109.0,6
1110.0,4
1111.0,243
1112.0,18
1113.0,9
1114.0,9
1115.0,6
1116.0,3
1117.0,7
1118.0,12
1119.0,5
1120.0,8
1121.0,6
1122.0,7
1123.0,8
1125.0,4
1126.0,3
1127.0,12
1128.0,7
1129.0,2
1130.0,11
1131.0,3
1132.0,3
1133.0,1
1134.0,2
1135.0,3
1136.0,4
1137.0,5
1138.0,2
1139.0,4
1140.0,7
1141.0,3
1142.0,11
1143.0,4
1144.0,2
1145.0,8
1146.0,3
1148.0,2
1149.0,5
1150.0,2
1151.0,2
1152.0,3
1153.0,11
1154.0,2
1155.0,2
1156.0,5
1157.0,4
1158.0,7
1159.0,1
1160.0,2
1161.0,6
1162.0,1
1163.0,3
1164.0,5
1165.0,4
1166.0,8
1167.0,1
1168.0,2
1169.0,4
1170.0,4
1171.0,3
1172.0,3
1173.0,2
1174.0,4
1175.0,2
1176.0,1
1177.0,7
1178.0,3
1179.0,4
1180.0,1
1181.0,6
1182.0,5
1184.0,1
1185.0,7
1186.0,14
1187.0,2
1188.0,4
1189.0,2
1190.0,3
1191.0,3
1192.0,2
1193.0,3
1194.0,3
1195.0,1
1196.0,9
1197.0,5
1198.0,14
1199.0,6
1200.0,16
1201.0,7
1202.0,9
1203.0,3
1204.0,1
1205.0,9
1206.0,9
1207.0,10
1208.0,5
1209.0,3
1210.0,1
1212.0,8
1213.0,7
1214.0,9
1215.0,2
1216.0,1
1217.0,3
1218.0,11
1219.0,12
1220.0,11
1221.0,1
1222.0,9
1223.0,8
1225.0,9
1226.0,5
1227.0,6
1228.0,3
1229.0,8
1230.0,4
1231.0,1
1232.0,7
1233.0,9
1235.0,1
1236.0,9
1237.0,2
1238.0,5
1239.0,3
1240.0,1
1241.0,3
1242.0,7
1243.0,3
1244.0,1
1246.0,5
1247.0,4
1248.0,3
1249.0,2
1250.0,6
1251.0,5
1252.0,3
1253.0,3
1255.0,2
1257.0,2
1258.0,5
1259.0,2
1261.0,1
1262.0,8
1263.0,6
1264.0,2
1265.0,3
1266.0,13
1267.0,3
1268.0,2
1269.0,1
1270.0,15
1271.0,3
1272.0,2
1273.0,3
1274.0,3
1275.0,2
1276.0,7
1277.0,3
1278.0,6
1279.0,1
1281.0,2
1282.0,1
1283.0,2
1284.0,1
1285.0,1
1286.0,3
1287.0,7
1288.0,5
1289.0,1
1290.0,4
1291.0,3
1292.0,2
1293.0,4
1294.0,1
1295.0,2
1296.0,6
1297.0,1
1298.0,1
1299.0,6
1300.0,3
1301.0,8
1302.0,4
1303.0,2
1304.0,9
1305.0,4
1307.0,5
1308.0,9
1309.0,2
1310.0,7
1311.0,3
1312.0,3
1313.0,2
1314.0,2
1315.0,4
1316.0,3
1317.0,1
1318.0,5
1320.0,7
1324.0,3
1325.0,1
1326.0,8
1327.0,3
1328.0,3
1329.0,1
1330.0,2
1332.0,1
1333.0,5
1334.0,3
1335.0,3
1336.0,8
1337.0,7
1338.0,3
1339.0,2
1340.0,1
1341.0,5
1343.0,2
1345.0,8
1346.0,6
1347.0,2
1348.0,2
1349.0,5
1351.0,7
1352.0,17
1353.0,1
1354.0,3
1355.0,1
1356.0,3
1357.0,1
1358.0,5
1359.0,2
1360.0,3
1362.0,5
1363.0,5
1364.0,1
1366.0,2
1367.0,1
1368.0,5
1369.0,1
1370.0,4
1371.0,2
1372.0,2
1373.0,4
1374.0,2
1376.0,6
1377.0,3
1378.0,7
1379.0,5
1380.0,7
1381.0,10
1382.0,4
1383.0,11
1384.0,3
1385.0,3
1386.0,3
1389.0,1
1390.0,2
1391.0,9
1392.0,5
1393.0,6
1394.0,3
1395.0,6
1396.0,2
1397.0,7
1398.0,2
1399.0,3
1400.0,5
1401.0,3
1402.0,2
1403.0,3
1404.0,5
1405.0,3
1406.0,3
1407.0,9
1408.0,4
1409.0,4
1410.0,3
1411.0,3
1412.0,4
1413.0,10
1414.0,4
1415.0,2
1416.0,2
1417.0,1
1418.0,5
1419.0,9
1420.0,2
1421.0,2
1422.0,1
1423.0,3
1424.0,4
1426.0,8
1427.0,3
1428.0,6
1429.0,1
1430.0,3
1431.0,2
1432.0,3
1434.0,5
1435.0,2
1436.0,5
1438.0,2
1439.0,7
1441.0,6
1442.0,1
1443.0,2
1444.0,6
1445.0,7
1446.0,3
1447.0,3
1448.0,6
1449.0,5
1450.0,3
1453.0,8
1454.0,5
1455.0,4
1457.0,1
1458.0,3
1460.0,3
1461.0,7
1462.0,3
1463.0,2
1464.0,8
1465.0,2
1466.0,4
1467.0,6
1468.0,5
1469.0,6
1470.0,4
1471.0,3
1472.0,8
1473.0,2
1474.0,2
1475.0,2
1476.0,1
1477.0,6
1478.0,8
1479.0,6
1480.0,2
1481.0,5
1482.0,4
1483.0,7
1484.0,5
1485.0,1
1486.0,12
1487.0,10
1488.0,6
1489.0,6
1490.0,13
1491.0,7
1492.0,5
1493.0,4
1494.0,7
1495.0,7
1496.0,4
1497.0,4
1498.0,9
1499.0,2
1500.0,87
1501.0,25
1502.0,9
1503.0,3
1504.0,3
1505.0,8
1506.0,5
1507.0,4
1508.0,12
1509.0,4
1510.0,6
1511.0,6
1512.0,8
1513.0,6
1514.0,7
1515.0,9
1516.0,10
1517.0,11
1518.0,2
1519.0,9
1520.0,11
1521.0,5
1522.0,7
1523.0,16
1524.0,2
1525.0,12
1526.0,5
1527.0,2
1528.0,9
1529.0,9
1530.0,14
1531.0,10
1532.0,4
1533.0,12
1534.0,19
1535.0,3
1536.0,6
1537.0,17
1538.0,15
1539.0,3
1541.0,9
1542.0,25
1543.0,5
1545.0,8
1546.0,2
1547.0,8
1548.0,5
1549.0,10
1550.0,7
1551.0,10
1552.0,9
1553.0,88
1554.0,13
1555.0,11
1556.0,5
1557.0,3
1558.0,15
1559.0,10
1560.0,13
1562.0,8
1563.0,7
1564.0,6
1565.0,5
1566.0,1
1567.0,13
1568.0,5
1569.0,4
1570.0,9
1571.0,8
1572.0,12
1573.0,11
1574.0,10
1575.0,6
1576.0,7
1577.0,4
1578.0,10
1579.0,12
1581.0,18
1582.0,4
1583.0,13
1584.0,4
1585.0,13
1586.0,4
1587.0,5
1588.0,8
1589.0,1
1590.0,6
1591.0,13
1592.0,7
1593.0,10
1594.0,7
1595.0,6
1596.0,9
1597.0,3
1598.0,2
1599.0,7
1600.0,30
1601.0,6
1602.0,3
1603.0,4
1604.0,9
1605.0,9
1606.0,11
1607.0,10
1608.0,5
1609.0,6
1610.0,5
1611.0,7
1612.0,4
1613.0,4
1614.0,8
1615.0,10
1616.0,12
1617.0,11
1618.0,6
1619.0,12
1620.0,7
1621.0,8
1622.0,5
1623.0,8
1624.0,13
1625.0,9
1626.0,11
1627.0,6
1628.0,6
1629.0,5
1630.0,6
1631.0,7
1632.0,4
1633.0,4
1634.0,6
1635.0,9
1636.0,6
1637.0,4
1638.0,4
1639.0,4
1640.0,9
1641.0,10
1642.0,7
1643.0,7
1644.0,5
1645.0,4
1646.0,3
1647.0,5
1648.0,8
1649.0,6
1650.0,5
1651.0,15
1652.0,9
1653.0,6
1654.0,7
1655.0,12
1656.0,8
1657.0,15
1658.0,7
1659.0,6
1660.0,10
1661.0,7
1662.0,2
1663.0,7
1664.0,1
1665.0,11
1666.0,2
1667.0,6
1668.0,7
1669.0,8
1670.0,10
1671.0,3
1672.0,6
1673.0,7
1674.0,5
1675.0,6
1676.0,5
1678.0,11
1679.0,3
1681.0,5
1682.0,9
1683.0,3
1684.0,6
1685.0,6
1686.0,6
1687.0,2
1688.0,8
1689.0,5
1690.0,6
1691.0,11
1692.0,5
1693.0,6
1694.0,1
1695.0,6
1696.0,5
1697.0,2
1698.0,4
1699.0,1
1700.0,8
1701.0,6
1702.0,4
1703.0,6
1705.0,6
1706.0,3
1707.0,9
1708.0,7
1709.0,2
1710.0,4
1711.0,11
1712.0,21
1713.0,10
1714.0,9
1715.0,16
1716.0,12
1717.0,10
1718.0,20
1719.0,14
1720.0,12
1721.0,14
1722.0,18
1723.0,2
1724.0,10
1725.0,1
1726.0,8
1727.0,4
1728.0,2
1729.0,7
1730.0,3
1731.0,4
1732.0,5
1733.0,15
1734.0,8
1735.0,3
1736.0,2
1737.0,3
1738.0,1
1739.0,7
1740.0,4
1741.0,7
1743.0,3
1744.0,8
1745.0,8
1746.0,6
1747.0,3
1748.0,4
1749.0,4
1750.0,9
1751.0,11
1752.0,3
1753.0,11
1754.0,4
1755.0,5
1757.0,6
1758.0,14
1759.0,5
1761.0,2
1762.0,2
1763.0,6
1764.0,5
1765.0,1
1766.0,7
1767.0,5
1768.0,2
1769.0,1
1770.0,5
1771.0,2
1772.0,3
1773.0,1
1774.0,6
1775.0,4
1776.0,4
1777.0,3
1778.0,6
1779.0,2
1780.0,1
1781.0,6
1782.0,7
1783.0,3
1784.0,2
1785.0,7
1786.0,2
1787.0,10
1788.0,4
1789.0,2
1790.0,9
1791.0,5
1792.0,2
1793.0,2
1794.0,5
1796.0,8
1797.0,12
1798.0,2
1799.0,2
1801.0,6
1802.0,7
1803.0,2
1806.0,5
1807.0,7
1808.0,4
1809.0,4
1810.0,2
1811.0,4
1812.0,2
1815.0,6
1816.0,2
1817.0,4
1818.0,9
1819.0,7
1822.0,2
1823.0,2
1824.0,4
1825.0,3
1826.0,6
1827.0,4
1828.0,7
1829.0,10
1830.0,2
1831.0,2
1832.0,2
1833.0,2
1834.0,7
1836.0,1
1839.0,1
1840.0,3
1841.0,2
1842.0,3
1843.0,1
1844.0,6
1846.0,1
1847.0,3
1848.0,1
1849.0,1
1850.0,3
1852.0,8
1853.0,6
1854.0,8
1855.0,3
1857.0,15
1859.0,5
1860.0,1
1861.0,7
1862.0,2
1863.0,9
1864.0,3
1866.0,8
1867.0,1
1868.0,3
1869.0,2
1870.0,5
1871.0,1
1873.0,1
1874.0,9
1875.0,1
1876.0,3
1877.0,7
1878.0,3
1879.0,3
1880.0,4
1881.0,1
1882.0,2
1883.0,4
1884.0,2
1885.0,5
1887.0,4
1888.0,4
1889.0,1
1890.0,1
1891.0,3
1893.0,2
1894.0,2
1896.0,6
1897.0,3
1899.0,3
1900.0,6
1901.0,5
1902.0,5
1903.0,2
1904.0,1
1905.0,1
1906.0,5
1907.0,1
1908.0,3
1909.0,2
1910.0,3
1911.0,1
1912.0,1
1913.0,3
1914.0,4
1915.0,1
1917.0,1
1918.0,2
1919.0,3
1921.0,4
1923.0,2
1925.0,3
1928.0,1
1929.0,5
1930.0,1
1931.0,3
1932.0,4
1934.0,1
1935.0,3
1936.0,2
1937.0,4
1938.0,3
1939.0,2
1940.0,2
1941.0,3
1943.0,4
1944.0,2
1946.0,2
1947.0,2
1948.0,4
1949.0,1
1950.0,2
1951.0,3
1952.0,3
1954.0,4
1957.0,1
1959.0,2
1962.0,2
1963.0,3
1964.0,1
1965.0,1
1966.0,3
1967.0,3
1968.0,1
1969.0,1
1970.0,1
1972.0,1
1974.0,1
1976.0,3
1978.0,2
1979.0,2
1980.0,3
1981.0,3
1982.0,7
1983.0,1
1984.0,10
1985.0,4
1986.0,3
1987.0,1
1989.0,1
1990.0,3
1991.0,1
1992.0,2
1993.0,2
1995.0,1
1996.0,3
1997.0,1
1998.0,3
1999.0,72
2000.0,384
2001.0,6
2002.0,1
2004.0,1
2005.0,3
2006.0,2
2007.0,4
2008.0,2
2009.0,2
2010.0,3
2011.0,4
2012.0,1
2013.0,3
2014.0,1
2015.0,2
2016.0,1
2017.0,3
2018.0,1
2019.0,1
2022.0,6
2023.0,1
2024.0,1
2025.0,1
2026.0,2
2028.0,1
2029.0,1
2030.0,3
2031.0,3
2032.0,5
2034.0,5
2035.0,1
2037.0,2
2039.0,1
2040.0,5
2042.0,7
2044.0,1
2046.0,2
2047.0,2
2049.0,3
2050.0,1
2052.0,2
2054.0,1
2055.0,1
2057.0,2
2058.0,5
2059.0,3
2060.0,1
2062.0,1
2063.0,1
2064.0,4
2065.0,1
2067.0,2
2070.0,2
2072.0,2
2073.0,2
2074.0,2
2075.0,1
2076.0,2
2077.0,2
2078.0,3
2079.0,1
2080.0,3
2081.0,2
2084.0,4
2085.0,1
2086.0,2
2088.0,5
2089.0,1
2091.0,1
2092.0,2
2094.0,1
2095.0,2
2096.0,1
2097.0,1
2098.0,2
2099.0,2
2102.0,3
2103.0,3
2104.0,2
2105.0,4
2106.0,6
2108.0,2
2109.0,1
2110.0,1
2111.0,1
2112.0,1
2113.0,3
2114.0,2
2116.0,4
2119.0,1
2120.0,1
2121.0,3
2123.0,3
2124.0,1
2125.0,5
2126.0,6
2127.0,2
2128.0,2
2129.0,5
2130.0,2
2131.0,2
2133.0,1
2134.0,1
2135.0,2
2137.0,1
2138.0,1
2139.0,1
2142.0,2
2143.0,2
2146.0,2
2148.0,7
2149.0,3
2150.0,1
2151.0,2
2152.0,2
2153.0,2
2154.0,2
2155.0,3
2156.0,1
2157.0,1
2158.0,2
2159.0,1
2160.0,5
2161.0,1
2162.0,1
2165.0,2
2167.0,1
2168.0,2
2170.0,1
2171.0,1
2172.0,2
2173.0,5
2175.0,4
2177.0,2
2180.0,2
2181.0,4
2182.0,1
2183.0,2
2184.0,8
2185.0,2
2187.0,1
2188.0,3
2189.0,3
2190.0,2
2191.0,5
2193.0,2
2194.0,4
2195.0,2
2197.0,2
2198.0,7
2199.0,9
2200.0,1
2201.0,1
2203.0,1
2204.0,5
2205.0,3
2208.0,1
2209.0,1
2210.0,1
2213.0,1
2216.0,1
2217.0,3
2218.0,1
2219.0,1
2220.0,1
2221.0,5
2222.0,19
2223.0,5
2224.0,6
2225.0,1
2226.0,6
2228.0,1
2229.0,3
2231.0,1
2232.0,1
2233.0,6
2234.0,3
2236.0,1
2238.0,2
2241.0,2
2242.0,2
2243.0,2
2244.0,3
2245.0,1
2246.0,1
2247.0,1
2248.0,1
2249.0,1
2250.0,1
2251.0,6
2252.0,1
2253.0,2
2254.0,9
2255.0,1
2256.0,5
2257.0,1
2258.0,3
2259.0,6
2260.0,1
2261.0,2
2262.0,1
2263.0,1
2264.0,1
2265.0,2
2267.0,1
2271.0,1
2273.0,3
2274.0,2
2275.0,5
2276.0,5
2277.0,1
2278.0,3
2279.0,4
2280.0,2
2281.0,2
2283.0,6
2284.0,1
2285.0,1
2286.0,2
2287.0,4
2288.0,5
2290.0,4
2292.0,7
2293.0,4
2295.0,1
2300.0,2
2301.0,1
2302.0,1
2304.0,3
2305.0,1
2307.0,5
2310.0,1
2311.0,5
2314.0,2
2316.0,1
2319.0,8
2320.0,2
2321.0,1
2322.0,1
2324.0,2
2325.0,1
2326.0,4
2327.0,4
2328.0,8
2329.0,5
2330.0,2
2331.0,2
2332.0,1
2334.0,3
2336.0,1
2337.0,1
2338.0,1
2339.0,2
2340.0,1
2341.0,2
2342.0,3
2343.0,3
2354.0,2
2357.0,1
2358.0,4
2359.0,1
2363.0,4
2364.0,1
2365.0,5
2366.0,2
2370.0,4
2371.0,1
2372.0,1
2376.0,1
2378.0,1
2380.0,1
2381.0,2
2385.0,1
2389.0,1
2390.0,1
2392.0,1
2394.0,2
2397.0,1
2398.0,1
2400.0,1
2405.0,4
2410.0,1
2417.0,6
2420.0,2
2421.0,4
2424.0,9
2425.0,1
2428.0,2
2430.0,1
2433.0,2
2434.0,1
2436.0,4
2438.0,1
2439.0,1
2440.0,2
2450.0,1
2451.0,1
2452.0,1
2462.0,3
2463.0,1
2464.0,1
2465.0,1
2467.0,4
2469.0,1
2470.0,2
2471.0,1
2475.0,1
2481.0,1
2482.0,1
2483.0,1
2484.0,1
2485.0,8
2486.0,3
2488.0,1
2493.0,4
2494.0,4
2495.0,3
2496.0,1
2498.0,4
2500.0,2
2501.0,1
2503.0,4
2508.0,1
2509.0,2
2511.0,5
2513.0,6
2515.0,1
2520.0,9
2527.0,2
2533.0,4
2534.0,4
2536.0,6
2540.0,3
2550.0,4
2552.0,1
2554.0,1
2555.0,1
2561.0,4
2562.0,1
2568.0,6
2574.0,1
2580.0,1
2582.0,3
2583.0,1
2584.0,1
2589.0,5
2597.0,1
2598.0,2
2599.0,1
2605.0,1
2619.0,2
2626.0,1
2627.0,1
2641.0,2
2642.0,1
2647.0,7
2648.0,1
2650.0,1
2654.0,4
2659.0,8
2661.0,1
2666.0,3
2667.0,1
2683.0,5
2684.0,1
2687.0,3
2688.0,2
2691.0,1
2696.0,6
2697.0,1
2700.0,180
2701.0,2
2702.0,1
2703.0,4
2704.0,4
2705.0,2
2707.0,6
2709.0,1
2717.0,1
2721.0,1
2734.0,4
2735.0,2
2742.0,1
2746.0,3
2747.0,1
2748.0,1
2750.0,3
2751.0,1
2752.0,2
2753.0,4
2758.0,1
2760.0,4
2764.0,4
2767.0,2
2772.0,1
2779.0,1
2785.0,5
2786.0,2
2796.0,1
2799.0,1
2807.0,1
2809.0,3
2810.0,1
2814.0,3
2815.0,1
2816.0,4
2818.0,1
2819.0,1
2828.0,1
2829.0,1
2830.0,1
2831.0,4
2835.0,1
2837.0,1
2839.0,1
2840.0,3
2841.0,4
2842.0,1
2844.0,1
2847.0,1
2850.0,1
2855.0,1
2856.0,1
2857.0,1
2870.0,1
2874.0,1
2875.0,1
2876.0,3
2877.0,1
2883.0,1
2884.0,1
2887.0,1
2888.0,1
2892.0,1
2893.0,1
2896.0,1
2900.0,1
2901.0,5
2905.0,1
2907.0,2
2925.0,4
2933.0,2
2935.0,1
2936.0,8
2937.0,2
2940.0,3
2943.0,1
2953.0,1
2956.0,4
2961.0,1
2965.0,2
2966.0,1
2968.0,9
2969.0,2
2970.0,6
2971.0,1
2972.0,2
2973.0,2
2975.0,2
2976.0,1
2978.0,2
2979.0,6
2984.0,2
2990.0,3
2991.0,2
2993.0,1
2997.0,1
3000.0,402
3001.0,1
3002.0,1
3003.0,3
3005.0,2
3006.0,1
3007.0,4
3009.0,1
3010.0,3
3011.0,14
3012.0,8
3013.0,3
3014.0,8
3015.0,6
3016.0,19
3017.0,18
3018.0,1
3019.0,1
3020.0,1
3029.0,1
3046.0,1
3072.0,1
3080.0,1
3083.0,1
3090.0,2
3094.0,1
3096.0,1
3123.0,1
3124.0,1
3132.0,4
3137.0,1
3141.0,1
3142.0,1
3147.0,1
3155.0,1
3160.0,4
3170.0,1
3171.0,1
3175.0,3
3176.0,1
3177.0,1
3180.0,1
3185.0,2
3191.0,2
3200.0,1
3201.0,4
3206.0,1
3208.0,1
3216.0,1
3223.0,1
3237.0,4
3238.0,1
3240.0,1
3241.0,1
3243.0,1
3249.0,5
3274.0,1
3280.0,1
3288.0,1
3300.0,1
3301.0,1
3303.0,2
3306.0,4
3311.0,5
3315.0,5
3322.0,1
3324.0,1
3326.0,1
3332.0,2
3346.0,3
3347.0,5
3357.0,1
3370.0,2
3373.0,1
3375.0,1
3380.0,1
3381.0,1
3384.0,1
3385.0,1
3389.0,1
3395.0,1
3398.0,1
3402.0,1
3404.0,3
3410.0,4
3427.0,8
3428.0,1
3433.0,1
3442.0,2
3444.0,4
3445.0,3
3447.0,1
3450.0,5
3452.0,1
3453.0,1
3455.0,1
3459.0,1
3464.0,2
3467.0,1
3470.0,4
3471.0,1
3474.0,1
3502.0,1
3503.0,1
3522.0,2
3529.0,1
3530.0,1
3538.0,1
3540.0,1
3559.0,1
3560.0,4
3564.0,1
3568.0,1
3569.0,1
3576.0,1
3578.0,1
3587.0,2
3588.0,1
3590.0,1
3592.0,2
3603.0,1
3609.0,2
3622.0,1
3623.0,1
3637.0,2
3650.0,5
3656.0,1
3659.0,1
3663.0,4
3665.0,1
3671.0,3
3673.0,1
3679.0,2
3682.0,4
3683.0,4
3684.0,1
3696.0,3
3697.0,2
3698.0,1
3728.0,4
3732.0,1
3742.0,1
3746.0,4
3751.0,1
3764.0,3
3766.0,2
3768.0,1
3774.0,2
3775.0,1
3784.0,1
3786.0,1
3791.0,1
3797.0,1
3800.0,1
3814.0,1
3825.0,2
3828.0,1
3870.0,1
3877.0,1
3880.0,1
3886.0,2
3896.0,2
3899.0,2
3900.0,9
3901.0,6
3902.0,3
3904.0,2
3905.0,1
3906.0,1
3915.0,2
3920.0,2
3921.0,1
3936.0,1
3937.0,1
3941.0,2
3945.0,1
3952.0,1
3960.0,1
3965.0,1
3971.0,1
3984.0,1
3985.0,1
3998.0,3
3999.0,9
4000.0,7
4017.0,1
4026.0,2
4029.0,1
4030.0,1
4039.0,1
4040.0,1
4050.0,1
4051.0,1
4059.0,1
4064.0,1
4066.0,2
4069.0,1
4070.0,1
4086.0,2
4089.0,1
4090.0,1
4094.0,1
4099.0,2
4100.0,1
4118.0,3
4119.0,2
4138.0,1
4163.0,1
4164.0,1
4165.0,1
4169.0,1
4171.0,1
4175.0,1
4176.0,3
4177.0,1
4184.0,1
4185.0,1
4191.0,1
4212.0,1
4218.0,3
4228.0,1
4233.0,1
4234.0,1
4237.0,3
4242.0,2
4258.0,1
4260.0,1
4261.0,2
4269.0,1
4276.0,4
4279.0,1
4298.0,2
4307.0,1
4309.0,1
4311.0,1
4313.0,1
4318.0,1
4319.0,2
4320.0,1
4321.0,1
4322.0,1
4323.0,3
4326.0,4
4334.0,3
4338.0,1
4350.0,1
4356.0,1
4357.0,3
4358.0,1
4360.0,1
4365.0,1
4366.0,1
4380.0,2
4384.0,1
4392.0,2
4396.0,1
4404.0,1
4417.0,2
4418.0,2
4419.0,4
4422.0,1
4436.0,1
4444.0,1
4446.0,1
4478.0,1
4484.0,1
4499.0,1
4500.0,1
4508.0,1
4514.0,1
4525.0,2
4528.0,3
4529.0,1
4536.0,1
4545.0,2
4550.0,1
4556.0,1
4568.0,2
4580.0,1
4594.0,1
4599.0,2
4615.0,2
4621.0,1
4624.0,1
4644.0,1
4651.0,1
4654.0,1
4655.0,1
4669.0,1
4680.0,2
4685.0,1
4694.0,1
4705.0,2
4715.0,3
4716.0,1
4719.0,1
4721.0,1
4722.0,1
4742.0,1
4772.0,1
4775.0,2
4794.0,3
4797.0,1
4801.0,2
4807.0,2
4815.0,1
4819.0,1
4822.0,2
4825.0,1
4827.0,1
4831.0,2
4832.0,1
4841.0,1
4843.0,1
4849.0,1
4851.0,1
4859.0,1
4860.0,1
4861.0,1
4869.0,1
4874.0,2
4877.0,1
4911.0,1
4926.0,1
4949.0,1
4950.0,1
4958.0,1
4960.0,1
4970.0,1
4979.0,1
4988.0,1
4991.0,1
4993.0,1
5001.0,1
5003.0,1
5005.0,1
5030.0,2
5040.0,2
5048.0,2
5049.0,1
5050.0,1
5057.0,3
5060.0,1
5063.0,2
5081.0,1
5095.0,1
5101.0,1
5105.0,1
5109.0,2
5119.0,1
5127.0,1
5133.0,2
5139.0,1
5143.0,1
5145.0,1
5157.0,1
5160.0,2
5170.0,2
5173.0,1
5183.0,1
5190.0,1
5193.0,1
5194.0,1
5195.0,1
5208.0,1
5220.0,1
5228.0,1
5249.0,1
5263.0,1
5275.0,1
5298.0,1
5304.0,1
5311.0,2
5332.0,1
5333.0,1
5343.0,1
5353.0,1
5368.0,1
5410.0,2
5422.0,1
5427.0,2
5434.0,1
5438.0,1
5443.0,1
5453.0,1
5454.0,1
5489.0,1
5494.0,2
5505.0,1
5506.0,3
5516.0,1
5519.0,1
5541.0,1
5542.0,1
5606.0,2
5610.0,25
5614.0,1
5628.0,2
5642.0,1
5643.0,1
5650.0,3
5661.0,5
5676.0,1
5678.0,1
5695.0,1
5707.0,1
5715.0,1
5748.0,4
5751.0,4
5781.0,2
5786.0,1
5787.0,2
5799.0,1
5814.0,2
5820.0,3
5858.0,1
5892.0,3
5899.0,2
5949.0,1
6000.0,25
6001.0,3
6002.0,6
6003.0,3
6004.0,3
6007.0,1
6008.0,1
6068.0,1
6123.0,1
6128.0,2
6130.0,1
6175.0,1
6233.0,1
6247.0,1
6248.0,1
6250.0,1
6253.0,1
6258.0,1
6262.0,3
6299.0,2
6348.0,1
6362.0,1
6363.0,1
6367.0,1
6377.0,2
6379.0,1
6416.0,1
6420.0,1
6586.0,1
6600.0,1
6608.0,1
6633.0,2
6666.0,3
6668.0,2
6669.0,1
6759.0,2
7062.0,2
7065.0,2
7138.0,1
7154.0,1
7175.0,1
7281.0,2
7293.0,1
7310.0,4
7326.0,58
7332.0,4
7368.0,4
7377.0,4
7394.0,4
7421.0,4
7422.0,3
7430.0,2
7436.0,1
7447.0,1
7457.0,1
7458.0,11
7460.0,5
7476.0,1
7630.0,1
7690.0,1
7789.0,1
7807.0,1
7809.0,1
7823.0,2
7826.0,1
7854.0,8
7941.0,1
7982.0,1
7999.0,3
8000.0,1
8001.0,4
8002.0,3
8003.0,5
8006.0,1
8199.0,1
8241.0,1
8283.0,1
8297.0,1
8305.0,1
8310.0,1
8315.0,1
8317.0,1
8330.0,2
8344.0,1
8374.0,1
8419.0,1
8448.0,1
8549.0,1
8564.0,1
8580.0,1
8632.0,1
8668.0,1
8676.0,1
8722.0,1
8728.0,1
8737.0,1
8749.0,1
8752.0,1
8766.0,1
8793.0,1
8825.0,1
8910.0,1
9015.0,1
9131.0,1
9238.0,1
9324.0,1
9998.0,8
10000.0,164
12390.0,1
14616.0,1
16012.0,1
16129.0,3
16645.0,3
17087.0,1
17793.0,3
18300.0,1
18312.0,1
18730.0,1
18875.0,1
18887.0,1
19112.0,1
19128.0,3
19487.0,1
20000.0,12
20127.0,1
20160.0,1
20170.0,1
20187.0,1
20203.0,1
20253.0,1
23331.0,1
28343.0,1
36824.0,1
36830.0,1
43626.0,1
