exec_time,count
1,1084
2,28448
3,145434
4,82672
5,46513
6,66808
7,62547
8,42741
9,44419
10,36557
11,29841
12,25735
13,21301
14,18578
15,16731
16,15535
17,14565
18,13394
19,12573
20,11966
21,12253
22,13855
23,16247
24,17101
25,17858
26,17633
27,17543
28,13576
29,11715
30,11115
31,12017
32,11888
33,10280
34,9445
35,8631
36,8659
37,8509
38,7924
39,7198
40,6662
41,6745
42,7544
43,6649
44,6640
45,6996
46,6791
47,7595
48,6588
49,6740
50,6949
51,6796
52,7604
53,7112
54,6309
55,6715
56,7581
57,7534
58,6438
59,6386
60,6472
61,6461
62,6671
63,6263
64,5899
65,5712
66,5575
67,5637
68,5271
69,4849
70,4280
71,4760
72,4482
73,4428
74,4532
75,4483
76,4634
77,4715
78,4719
79,4274
80,3769
81,3969
82,3897
83,4053
84,3619
85,3323
86,3793
87,3774
88,3437
89,3489
90,3536
91,3940
92,3549
93,2942
94,3425
95,2822
96,3286
97,3302
98,3026
99,2834
100,2887
101,3127
102,2904
103,2866
104,2838
105,2487
106,2904
107,2858
108,2479
109,2609
110,2666
111,2550
112,2456
113,2497
114,2581
115,2269
116,2394
117,2361
118,2265
119,2043
120,2166
121,2571
122,2433
123,2142
124,2077
125,2100
126,2202
127,2156
128,2013
129,2008
130,1924
131,2160
132,2128
133,1803
134,1778
135,1875
136,1814
137,2099
138,1829
139,1808
140,1713
141,1948
142,2118
143,1730
144,1677
145,1668
146,1969
147,1983
148,1600
149,1435
150,1428
151,1790
152,1703
153,1704
154,1545
155,1391
156,1559
157,1789
158,1441
159,1497
160,1406
161,1758
162,1847
163,1515
164,1358
165,1208
166,1384
167,1513
168,1315
169,1468
170,1396
171,1450
172,1671
173,1424
174,1512
175,1194
176,1541
177,1663
178,1383
179,1316
180,1193
181,1268
182,1593
183,1160
184,1324
185,1273
186,1255
187,1313
188,1261
189,1098
190,1070
191,1230
192,1451
193,1292
194,1264
195,1132
196,1245
197,1588
198,1220
199,1109
200,1166
201,1129
202,1429
203,1117
204,1073
205,1051
206,1252
207,1413
208,1144
209,1230
210,1140
211,1264
212,1580
213,1121
214,1101
215,1152
216,1079
217,1150
218,941
219,993
220,977
221,1288
222,1220
223,960
224,943
225,1113
226,1105
227,1221
228,970
229,880
230,965
231,834
232,1026
233,823
234,841
235,877
236,908
237,941
238,985
239,959
240,906
241,949
242,833
243,778
244,854
245,878
246,856
247,902
248,869
249,876
250,859
251,829
252,957
253,781
254,732
255,749
256,718
257,794
258,731
259,793
260,816
261,780
262,818
263,812
264,845
265,739
266,673
267,804
268,751
269,742
270,786
271,895
272,843
273,758
274,703
275,787
276,803
277,836
278,705
279,723
280,695
281,711
282,661
283,648
284,794
285,670
286,664
287,834
288,722
289,662
290,718
291,719
292,735
293,681
294,730
295,707
296,651
297,807
298,662
299,624
300,653
301,647
302,715
303,690
304,651
305,800
306,903
307,822
308,790
309,725
310,659
311,712
312,858
313,5183
314,6354
315,3719
316,2863
317,3043
318,2579
319,2370
320,2287
321,2077
322,1877
323,2395
324,2234
325,1784
326,1640
327,1641
328,1263
329,1276
330,1271
331,1169
332,1226
333,1608
334,1336
335,1137
336,1137
337,1028
338,1055
339,971
340,970
341,1030
342,1121
343,1193
344,1259
345,993
346,938
347,981
348,857
349,982
350,964
351,921
352,911
353,1105
354,1114
355,911
356,989
357,893
358,861
359,836
360,883
361,842
362,814
363,1040
364,1076
365,1148
366,1249
367,1143
368,1032
369,1145
370,1083
371,1086
372,1216
373,4359
374,11856
375,6357
376,3629
377,3902
378,3245
379,2755
380,2469
381,2057
382,1913
383,2314
384,2774
385,1813
386,1432
387,1313
388,1155
389,1105
390,922
391,962
392,1105
393,1222
394,1536
395,1229
396,945
397,904
398,879
399,802
400,760
401,753
402,782
403,979
404,1265
405,866
406,854
407,724
408,887
409,841
410,636
411,692
412,701
413,977
414,1163
415,772
416,694
417,655
418,663
419,600
420,584
421,608
422,575
423,769
424,1027
425,837
426,659
427,665
428,632
429,585
430,563
431,586
432,655
433,786
434,866
435,692
436,663
437,597
438,553
439,533
440,598
441,580
442,524
443,638
444,777
445,613
446,525
447,567
448,585
449,459
450,480
451,468
452,507
453,609
454,722
455,654
456,527
457,572
458,449
459,485
460,412
461,459
462,450
463,561
464,662
465,540
466,483
467,456
468,485
469,454
470,448
471,420
472,480
473,526
474,634
475,517
476,479
477,522
478,428
479,409
480,411
481,445
482,474
483,463
484,607
485,506
486,442
487,488
488,421
489,447
490,419
491,439
492,443
493,471
494,495
495,470
496,406
497,390
498,460
499,413
500,337
501,324
502,352
503,402
504,484
505,439
506,457
507,403
508,350
509,354
510,331
511,337
512,374
513,392
514,507
515,422
516,367
517,361
518,412
519,326
520,286
521,344
522,370
523,406
524,423
525,395
526,394
527,334
528,331
529,331
530,410
531,306
532,329
533,367
534,463
535,406
536,375
537,436
538,405
539,334
540,373
541,402
542,333
543,363
544,369
545,341
546,379
547,303
548,421
549,407
550,335
551,404
552,412
553,408
554,509
555,378
556,345
557,341
558,285
559,319
560,292
561,313
562,325
563,412
564,410
565,410
566,399
567,296
568,280
569,271
570,268
571,278
572,276
573,378
574,419
575,380
576,294
577,276
578,351
579,331
580,265
581,258
582,275
583,321
584,375
585,386
586,341
587,298
588,299
589,291
590,271
591,239
592,278
593,294
594,302
595,294
596,291
597,280
598,291
599,248
600,295
601,260
602,242
603,266
604,323
605,413
606,294
607,266
608,249
609,257
610,237
611,227
612,229
613,263
614,317
615,276
616,278
617,328
618,265
619,279
620,369
621,306
622,288
623,549
624,743
625,444
626,362
627,405
628,313
629,324
630,319
631,282
632,259
633,437
634,514
635,384
636,344
637,268
638,252
639,287
640,290
641,330
642,305
643,363
644,450
645,341
646,321
647,308
648,296
649,297
650,264
651,229
652,232
653,348
654,387
655,303
656,232
657,254
658,244
659,235
660,227
661,251
662,213
663,297
664,347
665,245
666,263
667,230
668,263
669,258
670,221
671,235
672,232
673,309
674,366
675,295
676,282
677,269
678,255
679,248
680,230
681,223
682,245
683,814
684,1427
685,804
686,558
687,477
688,430
689,364
690,332
691,397
692,351
693,627
694,852
695,520
696,451
697,353
698,313
699,231
700,275
701,249
702,272
703,388
704,495
705,364
706,289
707,256
708,253
709,252
710,186
711,218
712,249
713,383
714,465
715,325
716,247
717,306
718,278
719,236
720,218
721,189
722,249
723,339
724,411
725,277
726,357
727,211
728,262
729,219
730,201
731,202
732,197
733,304
734,410
735,310
736,259
737,200
738,196
739,228
740,178
741,194
742,358
743,1123
744,1482
745,908
746,586
747,456
748,385
749,280
750,268
751,253
752,321
753,756
754,960
755,469
756,353
757,288
758,229
759,226
760,192
761,250
762,252
763,374
764,455
765,268
766,212
767,251
768,169
769,172
770,162
771,154
772,209
773,308
774,329
775,244
776,184
777,215
778,157
779,145
780,161
781,177
782,174
783,265
784,335
785,217
786,159
787,174
788,186
789,128
790,135
791,173
792,129
793,248
794,270
795,181
796,141
797,137
798,159
799,117
800,133
801,113
802,146
803,196
804,244
805,173
806,141
807,158
808,139
809,144
810,132
811,121
812,134
813,196
814,251
815,162
816,126
817,139
818,119
819,108
820,90
821,124
822,105
823,193
824,235
825,162
826,144
827,129
828,134
829,116
830,102
831,111
832,102
833,207
834,186
835,124
836,115
837,115
838,120
839,117
840,120
841,111
842,108
843,155
844,178
845,135
846,135
847,137
848,101
849,109
850,89
851,114
852,161
853,142
854,190
855,103
856,108
857,104
858,109
859,91
860,95
861,95
862,91
863,124
864,160
865,122
866,108
867,97
868,92
869,89
870,100
871,130
872,133
873,126
874,162
875,110
876,116
877,122
878,81
879,86
880,91
881,93
882,89
883,100
884,173
885,152
886,100
887,99
888,70
889,74
890,82
891,88
892,84
893,107
894,112
895,85
896,87
897,84
898,77
899,81
900,86
901,79
902,77
903,102
904,109
905,92
906,96
907,86
908,82
909,139
910,62
911,87
912,66
913,108
914,125
915,79
916,84
917,76
918,103
919,66
920,58
921,67
922,68
923,91
924,133
925,88
926,86
927,116
928,72
929,83
930,84
931,69
932,77
933,99
934,190
935,76
936,126
937,75
938,64
939,70
940,81
941,55
942,64
943,110
944,143
945,78
946,82
947,75
948,66
949,127
950,59
951,64
952,75
953,87
954,119
955,83
956,61
957,54
958,54
959,53
960,72
961,64
962,86
963,81
964,124
965,69
966,71
967,121
968,80
969,71
970,76
971,59
972,58
973,71
974,119
975,59
976,66
977,56
978,68
979,52
980,55
981,52
982,64
983,83
984,116
985,70
986,62
987,65
988,69
989,62
990,119
991,57
992,62
993,146
994,226
995,114
996,82
997,97
998,94
999,63
1000,63
1001,55
1002,64
1003,123
1004,165
1005,73
1006,53
1007,75
1008,55
1009,66
1010,53
1011,61
1012,58
1013,78
1014,152
1015,97
1016,62
1017,63
1018,66
1019,56
1020,58
1021,48
1022,67
1023,182
1024,136
1025,134
1026,59
1027,43
1028,66
1029,107
1030,48
1031,47
1032,58
1033,92
1034,106
1035,73
1036,63
1037,49
1038,53
1039,59
1040,93
1041,42
1042,42
1043,73
1044,109
1045,74
1046,59
1047,59
1048,50
1049,56
1050,60
1051,41
1052,72
1053,193
1054,311
1055,111
1056,89
1057,62
1058,58
1059,52
1060,63
1061,70
1062,59
1063,119
1064,170
1065,100
1066,77
1067,59
1068,51
1069,59
1070,37
1071,60
1072,54
1073,78
1074,133
1075,71
1076,86
1077,47
1078,56
1079,81
1080,56
1081,96
1082,66
1083,65
1084,95
1085,61
1086,55
1087,86
1088,63
1089,39
1090,50
1091,43
1092,44
1093,77
1094,104
1095,68
1096,45
1097,47
1098,39
1099,47
1100,44
1101,34
1102,56
1103,66
1104,112
1105,49
1106,43
1107,42
1108,45
1109,52
1110,44
1111,94
1112,75
1113,233
1114,383
1115,126
1116,85
1117,49
1118,87
1119,93
1120,89
1121,30
1122,32
1123,86
1124,128
1125,70
1126,57
1127,39
1128,33
1129,33
1130,30
1131,42
1132,49
1133,65
1134,79
1135,56
1136,37
1137,32
1138,32
1139,66
1140,33
1141,97
1142,73
1143,59
1144,66
1145,46
1146,32
1147,41
1148,30
1149,37
1150,35
1151,30
1152,36
1153,109
1154,66
1155,36
1156,69
1157,71
1158,105
1159,111
1160,51
1161,34
1162,39
1163,45
1164,80
1165,45
1166,46
1167,50
1168,35
1169,52
1170,32
1171,33
1172,37
1173,44
1174,51
1175,41
1176,40
1177,31
1178,39
1179,27
1180,39
1181,74
1182,32
1183,38
1184,46
1185,35
1186,28
1187,70
1188,54
1189,32
1190,83
1191,91
1192,20
1193,46
1194,33
1195,33
1196,36
1197,36
1198,29
1199,29
1200,34
1201,50
1202,71
1203,32
1204,85
1205,58
1206,42
1207,35
1208,43
1209,29
1210,27
1211,95
1212,99
1213,24
1214,37
1215,35
1216,30
1217,34
1218,26
1219,45
1220,61
1221,38
1222,40
1223,36
1224,39
1225,32
1226,33
1227,33
1228,29
1229,38
1230,29
1231,32
1232,38
1233,40
1234,61
1235,43
1236,27
1237,26
1238,22
1239,25
1240,115
1241,50
1242,33
1243,23
1244,25
1245,31
1246,14
1247,30
1248,42
1249,50
1250,39
1251,41
1252,30
1253,73
1254,32
1255,41
1256,41
1257,36
1258,92
1259,129
1260,23
1261,30
1262,31
1263,32
1264,32
1265,21
1266,24
1267,46
1268,18
1269,15
1270,36
1271,28
1272,20
1273,29
1274,30
1275,18
1276,26
1277,16
1278,23
1279,26
1280,15
1281,17
1282,27
1283,23
1284,23
1285,28
1286,14
1287,33
1288,33
1289,23
1290,37
1291,57
1292,26
1293,25
1294,37
1295,47
1296,50
1297,22
1298,22
1299,21
1300,26
1301,29
1302,23
1303,29
1304,28
1305,24
1306,25
1307,15
1308,24
1309,33
1310,19
1311,18
1312,29
1313,42
1314,31
1315,33
1316,23
1317,20
1318,29
1319,54
1320,19
1321,22
1322,50
1323,33
1324,31
1325,24
1326,43
1327,25
1328,23
1329,22
1330,110
1331,38
1332,25
1333,25
1334,31
1335,24
1336,20
1337,21
1338,23
1339,17
1340,21
1341,17
1342,20
1343,28
1344,19
1345,24
1346,16
1347,19
1348,20
1349,24
1350,19
1351,16
1352,23
1353,31
1354,27
1355,31
1356,14
1357,40
1358,24
1359,24
1360,60
1361,19
1362,23
1363,31
1364,41
1365,24
1366,23
1367,24
1368,18
1369,18
1370,20
1371,24
1372,27
1373,65
1374,98
1375,19
1376,21
1377,21
1378,16
1379,48
1380,57
1381,26
1382,20
1383,52
1384,62
1385,31
1386,21
1387,21
1388,20
1389,17
1390,14
1391,17
1392,17
1393,20
1394,19
1395,25
1396,54
1397,21
1398,33
1399,11
1400,18
1401,26
1402,16
1403,18
1404,26
1405,33
1406,53
1407,16
1408,11
1409,15
1410,17
1411,25
1412,19
1413,21
1414,23
1415,22
1416,15
1417,22
1418,19
1419,23
1420,14
1421,20
1422,12
1423,24
1424,34
1425,27
1426,21
1427,30
1428,63
1429,43
1430,46
1431,20
1432,21
1433,28
1434,30
1435,24
1436,11
1437,15
1438,22
1439,13
1440,11
1441,18
1442,12
1443,24
1444,20
1445,19
1446,15
1447,27
1448,15
1449,16
1450,14
1451,16
1452,17
1453,18
1454,20
1455,17
1456,14
1457,14
1458,11
1459,25
1460,17
1461,17
1462,15
1463,20
1464,15
1465,58
1466,39
1467,17
1468,14
1469,22
1470,11
1471,22
1472,15
1473,12
1474,26
1475,26
1476,15
1477,17
1478,18
1479,26
1480,30
1481,15
1482,12
1483,20
1484,23
1485,10
1486,12
1487,12
1488,11
1489,17
1490,14
1491,15
1492,13
1493,13
1494,23
1495,18
1496,17
1497,18
1498,19
1499,14
1500,12
1501,14
1502,11
1503,23
1504,20
1505,12
1506,19
1507,11
1508,20
1509,16
1510,15
1511,14
1512,16
1513,15
1514,18
1515,17
1516,9
1517,15
1518,11
1519,9
1520,20
1521,11
1522,14
1523,9
1524,23
1525,15
1526,14
1527,16
1528,15
1529,7
1530,15
1531,16
1532,11
1533,19
1534,13
1535,13
1536,16
1537,60
1538,77
1539,11
1540,14
1541,12
1542,12
1543,11
1544,11
1545,11
1546,13
1547,13
1548,13
1549,11
1550,12
1551,9
1552,22
1553,10
1554,12
1555,15
1556,9
1557,9
1558,9
1559,11
1560,7
1561,19
1562,5
1563,12
1564,12
1565,11
1566,12
1567,9
1568,14
1569,8
1570,10
1571,15
1572,9
1573,14
1574,8
1575,8
1576,16
1577,11
1578,13
1579,20
1580,11
1581,11
1582,6
1583,11
1584,13
1585,14
1586,16
1587,16
1588,7
1589,12
1590,21
1591,14
1592,12
1593,12
1594,9
1595,10
1596,9
1597,11
1598,9
1599,13
1600,15
1601,13
1602,7
1603,7
1604,18
1605,11
1606,11
1607,15
1608,13
1609,12
1610,17
1611,59
1612,30
1613,17
1614,13
1615,12
1616,13
1617,7
1618,10
1619,13
1620,13
1621,7
1622,11
1623,17
1624,15
1625,10
1626,5
1627,7
1628,16
1629,9
1630,11
1631,12
1632,8
1633,7
1634,9
1635,9
1636,6
1637,8
1638,9
1639,13
1640,13
1641,9
1642,13
1643,11
1644,13
1645,8
1646,9
1647,9
1648,16
1649,11
1650,7
1651,7
1652,9
1653,6
1654,20
1655,8
1656,10
1657,11
1658,14
1659,12
1660,14
1661,9
1662,12
1663,5
1664,14
1665,9
1666,10
1667,10
1668,5
1669,17
1670,6
1671,7
1672,10
1673,11
1674,76
1675,12
1676,10
1677,6
1678,5
1679,6
1680,9
1681,5
1682,9
1683,14
1684,18
1685,16
1686,6
1687,5
1688,17
1689,4
1690,8
1691,3
1692,8
1693,12
1694,9
1695,11
1696,9
1697,8
1698,7
1699,13
1700,5
1701,11
1702,11
1703,12
1704,9
1705,10
1706,7
1707,6
1708,8
1709,11
1710,10
1711,10
1712,15
1713,10
1714,10
1715,10
1716,6
1717,7
1718,6
1719,13
1720,10
1721,7
1722,9
1723,75
1724,10
1725,30
1726,54
1727,8
1728,8
1729,6
1730,7
1731,6
1732,9
1733,7
1734,9
1735,6
1736,9
1737,7
1738,7
1739,10
1740,12
1741,7
1742,11
1743,5
1744,11
1745,6
1746,10
1747,10
1748,16
1749,7
1750,10
1751,12
1752,12
1753,9
1754,9
1755,10
1756,16
1757,20
1758,10
1759,8
1760,34
1761,16
1762,4
1763,5
1764,9
1765,6
1766,7
1767,9
1768,5
1769,7
1770,7
1771,8
1772,10
1773,11
1774,9
1775,9
1776,12
1777,5
1778,9
1779,3
1780,10
1781,10
1782,5
1783,6
1784,9
1785,11
1786,3
1787,11
1788,6
1789,11
1790,8
1791,5
1792,5
1793,6
1794,10
1795,9
1796,3
1797,8
1798,5
1799,14
1800,13
1801,8
1802,8
1803,9
1804,5
1805,7
1806,70
1807,9
1808,7
1809,6
1810,14
1811,6
1812,8
1813,12
1814,23
1815,52
1816,5
1817,11
1818,4
1819,8
1820,9
1821,9
1822,8
1823,9
1824,10
1825,6
1826,7
1827,11
1828,8
1829,6
1830,14
1831,5
1832,4
1833,10
1834,10
1835,8
1836,1
1837,4
1838,6
1839,11
1840,6
1841,7
1842,8
1843,8
1844,11
1845,6
1846,5
1847,6
1848,13
1849,8
1850,11
1851,2
1852,6
1853,7
1854,8
1855,8
1856,6
1857,9
1858,5
1859,2
1860,10
1861,9
1862,6
1863,9
1864,8
1865,6
1866,6
1867,7
1868,8
1869,8
1870,7
1871,21
1872,21
1873,3
1874,14
1875,11
1876,7
1877,7
1878,7
1879,11
1880,3
1881,22
1882,17
1883,8
1884,5
1885,8
1886,12
1887,5
1888,10
1889,4
1890,7
1891,4
1892,5
1893,3
1894,3
1895,6
1896,10
1897,1
1898,7
1899,6
1900,7
1901,5
1902,5
1903,5
1904,5
1905,6
1906,6
1907,7
1908,5
1909,9
1910,5
1911,2
1912,7
1913,1
1914,11
1915,4
1916,14
1917,4
1918,8
1919,7
1920,7
1921,5
1922,4
1923,11
1924,3
1925,9
1926,3
1927,6
1928,7
1929,6
1930,7
1931,7
1932,8
1933,1
1934,9
1935,17
1936,43
1937,14
1938,9
1939,4
1940,8
1941,7
1942,7
1943,8
1944,4
1945,6
1946,7
1947,4
1948,3
1949,5
1950,6
1951,8
1952,7
1953,6
1954,11
1955,5
1956,2
1957,4
1958,3
1959,8
1960,4
1961,6
1962,3
1963,7
1964,4
1965,8
1966,4
1967,9
1968,2
1969,8
1970,5
1971,2
1972,3
1973,8
1974,8
1975,5
1976,4
1977,7
1978,6
1979,4
1980,6
1981,4
1982,6
1983,4
1984,9
1985,6
1986,5
1987,2
1988,7
1989,3
1990,3
1991,5
1992,4
1993,8
1994,5
1995,6
1996,4
1997,6
1998,7
1999,2
2000,6
2001,7
2002,6
2003,4
2004,2
2005,2
2006,4
2007,5
2008,3
2009,5
2010,5
2011,4
2012,3
2013,11
2014,3
2015,4
2016,8
2017,4
2018,6
2019,3
2020,10
2021,5
2022,2
2023,6
2024,3
2025,6
2026,4
2027,3
2028,7
2029,2
2030,2
2031,7
2032,8
2033,2
2034,5
2035,7
2036,6
2037,7
2038,8
2039,4
2040,4
2041,8
2042,1
2043,8
2044,6
2045,5
2046,5
2047,8
2048,6
2049,7
2050,8
2051,4
2052,10
2053,9
2054,3
2055,6
2056,7
2057,5
2058,3
2059,4
2060,3
2061,3
2062,6
2063,12
2064,20
2065,24
2066,7
2067,5
2068,5
2069,6
2070,4
2071,7
2072,6
2073,6
2074,4
2075,6
2076,6
2077,5
2078,3
2079,1
2080,5
2081,3
2082,8
2083,6
2084,7
2085,3
2086,7
2087,5
2088,5
2089,8
2090,8
2091,5
2092,4
2093,2
2094,5
2095,10
2096,13
2097,3
2098,7
2099,7
2100,3
2101,5
2102,7
2103,7
2104,8
2105,5
2107,3
2108,5
2109,3
2110,5
2111,3
2112,4
2113,3
2114,6
2115,5
2116,5
2117,5
2118,8
2119,3
2120,3
2121,8
2122,4
2123,3
2124,3
2125,7
2126,4
2127,3
2128,4
2129,2
2130,4
2131,3
2132,2
2133,5
2134,1
2135,6
2136,3
2137,4
2138,9
2139,5
2140,2
2141,5
2142,7
2143,3
2144,5
2145,5
2146,3
2147,4
2148,4
2149,5
2150,6
2151,4
2152,4
2153,2
2154,3
2155,7
2156,5
2157,4
2158,4
2159,2
2160,3
2161,3
2162,3
2163,4
2164,2
2165,5
2166,3
2167,4
2168,5
2169,2
2170,8
2171,6
2172,9
2173,6
2175,1
2176,9
2177,4
2178,4
2179,4
2180,4
2181,1
2182,3
2183,7
2184,4
2185,7
2186,5
2187,3
2188,4
2189,3
2190,6
2191,3
2192,7
2193,7
2194,2
2195,3
2196,3
2197,5
2198,4
2199,4
2200,3
2201,5
2202,4
2204,3
2205,5
2206,2
2207,3
2208,6
2209,3
2210,5
2211,5
2212,2
2213,1
2214,4
2215,1
2216,4
2217,4
2218,7
2219,2
2220,5
2221,3
2222,3
2223,6
2224,1
2225,2
2226,3
2227,5
2228,7
2229,3
2230,4
2231,5
2232,8
2233,2
2234,2
2235,4
2236,5
2237,7
2238,11
2239,4
2240,7
2241,36
2242,6
2243,2
2244,6
2245,2
2246,3
2247,5
2248,4
2249,3
2250,6
2251,8
2252,5
2254,4
2255,3
2256,4
2257,4
2258,4
2259,4
2260,6
2261,4
2262,7
2263,5
2264,4
2265,3
2266,1
2267,6
2268,2
2269,2
2270,7
2271,3
2272,3
2273,2
2274,2
2275,2
2276,6
2277,1
2278,6
2279,4
2280,3
2281,8
2282,2
2283,1
2284,3
2285,4
2286,7
2287,1
2288,2
2289,4
2290,1
2291,2
2292,1
2293,1
2294,1
2295,1
2296,6
2297,6
2298,3
2299,2
2300,4
2302,3
2303,2
2304,8
2305,2
2306,3
2307,1
2308,5
2309,5
2310,3
2311,3
2312,5
2313,2
2314,2
2315,4
2316,1
2317,3
2318,6
2319,3
2320,3
2321,1
2322,4
2323,2
2324,3
2325,3
2326,3
2327,2
2328,3
2329,2
2330,4
2331,5
2332,1
2333,6
2334,3
2335,4
2336,1
2337,5
2338,5
2339,7
2340,1
2341,1
2343,5
2344,6
2346,3
2347,3
2348,3
2349,2
2350,2
2351,2
2352,1
2353,3
2354,3
2355,3
2356,10
2357,3
2358,2
2359,5
2360,2
2361,4
2362,6
2363,1
2364,2
2365,4
2366,3
2367,7
2368,1
2369,4
2370,6
2371,5
2372,4
2373,1
2374,4
2375,3
2376,2
2377,2
2378,3
2379,2
2380,2
2381,1
2382,5
2383,2
2384,3
2385,4
2386,3
2387,5
2388,1
2389,4
2390,2
2391,3
2392,4
2393,1
2394,1
2395,4
2396,5
2397,2
2398,2
2399,6
2400,3
2401,5
2402,2
2403,1
2404,3
2405,4
2406,2
2407,2
2408,6
2409,3
2410,5
2411,5
2412,3
2413,1
2414,3
2415,4
2416,2
2417,3
2418,3
2419,2
2421,3
2422,1
2423,2
2424,4
2425,4
2426,1
2427,8
2428,4
2429,6
2430,2
2431,3
2432,4
2433,2
2434,5
2435,5
2436,2
2437,2
2438,3
2439,1
2440,4
2441,3
2443,2
2444,4
2445,3
2446,2
2447,6
2448,6
2449,4
2450,3
2451,4
2452,5
2453,5
2454,4
2455,5
2456,1
2457,3
2458,3
2459,3
2461,6
2462,6
2463,3
2464,3
2465,2
2466,2
2467,1
2468,4
2469,4
2470,5
2471,2
2472,1
2473,1
2474,3
2475,2
2476,2
2477,1
2478,1
2479,1
2480,1
2481,6
2482,6
2483,2
2484,3
2485,2
2486,3
2487,2
2488,2
2489,2
2490,1
2491,3
2492,1
2493,4
2494,4
2495,2
2496,2
2497,4
2498,4
2499,5
2500,3
2501,3
2502,4
2503,2
2504,3
2505,7
2506,1
2507,3
2508,4
2509,4
2510,2
2511,3
2512,4
2513,4
2514,4
2515,4
2516,5
2517,4
2518,6
2519,6
2520,6
2521,3
2522,2
2523,2
2524,3
2525,2
2526,4
2527,2
2529,6
2530,4
2531,2
2532,7
2533,3
2534,2
2535,2
2536,5
2537,3
2538,4
2539,2
2540,3
2541,3
2542,1
2543,3
2544,7
2545,4
2546,4
2547,3
2548,3
2549,1
2550,6
2551,2
2552,1
2553,2
2554,1
2555,3
2556,4
2557,6
2558,2
2559,1
2560,6
2561,5
2563,4
2564,6
2565,3
2566,2
2567,2
2568,4
2569,3
2570,3
2571,4
2572,1
2573,3
2574,3
2575,2
2576,4
2577,3
2578,4
2579,5
2580,3
2581,1
2582,4
2583,1
2585,5
2586,2
2587,4
2588,4
2589,4
2590,1
2591,7
2592,2
2593,3
2594,2
2595,3
2597,2
2598,1
2599,1
2600,4
2601,2
2602,5
2603,7
2604,4
2605,3
2606,1
2607,2
2608,1
2609,1
2610,4
2611,1
2612,4
2613,6
2614,1
2615,3
2616,5
2617,1
2618,4
2619,3
2621,2
2622,4
2623,6
2624,4
2625,3
2626,2
2628,3
2629,2
2630,2
2631,5
2632,2
2633,3
2634,4
2635,6
2636,3
2637,4
2638,1
2639,6
2641,2
2642,4
2643,1
2644,1
2645,3
2647,2
2648,4
2650,4
2651,3
2652,6
2653,3
2654,4
2655,4
2656,5
2657,6
2658,7
2659,1
2660,3
2661,3
2662,2
2663,3
2664,3
2665,4
2666,3
2667,2
2668,7
2671,3
2672,4
2673,3
2674,2
2675,4
2676,2
2677,3
2679,3
2680,1
2681,4
2682,2
2684,2
2685,1
2686,3
2687,3
2688,2
2689,2
2690,1
2691,4
2692,4
2693,2
2694,1
2695,3
2696,2
2697,1
2698,1
2699,3
2700,1
2701,8
2702,3
2703,3
2704,3
2705,3
2706,1
2707,4
2708,3
2709,3
2710,1
2711,2
2712,2
2713,2
2714,2
2715,1
2716,67
2717,5
2718,4
2719,4
2720,2
2721,2
2722,3
2723,6
2724,1
2725,1
2727,5
2728,3
2729,3
2730,3
2731,1
2732,1
2733,2
2734,6
2735,3
2736,2
2737,4
2738,1
2739,4
2740,2
2741,4
2742,2
2743,4
2744,1
2745,6
2746,2
2747,2
2748,5
2749,2
2750,7
2751,2
2752,4
2753,4
2754,6
2755,2
2756,4
2757,2
2759,2
2760,2
2761,2
2762,5
2763,4
2764,3
2765,2
2766,5
2767,4
2768,8
2769,3
2770,8
2771,5
2772,5
2773,17
2774,9
2775,3
2776,6
2777,8
2778,1
2780,5
2781,3
2782,3
2783,6
2784,1
2785,1
2786,2
2787,4
2788,4
2789,3
2790,4
2791,4
2792,2
2793,3
2795,3
2796,2
2797,3
2798,3
2800,1
2801,3
2804,3
2805,2
2806,1
2807,2
2808,4
2809,2
2810,2
2811,2
2812,1
2813,3
2814,1
2815,5
2816,2
2817,2
2818,3
2819,2
2820,3
2821,5
2822,2
2823,1
2825,2
2826,3
2827,4
2828,6
2829,3
2830,1
2831,4
2832,5
2834,11
2835,5
2836,4
2837,11
2838,12
2839,1
2840,3
2841,4
2842,4
2843,5
2844,3
2845,2
2846,1
2847,5
2848,4
2849,3
2850,1
2852,3
2853,3
2855,3
2856,1
2857,3
2858,2
2859,3
2860,3
2861,1
2862,2
2863,3
2864,8
2865,4
2866,2
2867,5
2868,1
2869,1
2870,3
2871,4
2872,1
2873,7
2874,1
2875,3
2876,29
2877,36
2878,3
2880,3
2881,3
2882,21
2883,35
2884,1
2885,2
2886,9
2887,1
2888,4
2889,4
2890,3
2891,4
2892,8
2893,4
2894,6
2895,6
2896,5
2897,29
2898,13
2899,1
2900,4
2901,2
2902,1
2903,3
2904,5
2905,9
2906,8
2908,7
2909,36
2910,4
2911,1
2913,1
2914,3
2915,4
2916,1
2917,6
2918,2
2919,2
2920,1
2921,3
2922,1
2924,3
2925,2
2926,3
2927,2
2930,2
2931,3
2932,2
2933,1
2934,2
2935,4
2936,2
2937,2
2938,2
2939,1
2940,1
2941,4
2942,1
2943,4
2944,2
2945,3
2946,1
2947,1
2948,3
2949,20
2950,46
2951,1
2952,1
2953,1
2954,3
2956,3
2959,2
2960,2
2961,7
2962,2
2963,4
2965,4
2966,1
2967,5
2968,2
2970,1
2971,1
2972,1
2973,2
2974,3
2975,1
2976,3
2977,1
2978,4
2980,6
2981,1
2982,4
2983,1
2984,3
2985,3
2987,4
2988,1
2989,4
2990,1
2991,2
2992,1
2993,3
2994,1
2995,1
2996,1
2997,2
2998,3
3000,2
3001,2
3002,1
3003,1
3004,2
3005,1
3006,2
3007,3
3008,1
3009,4
3010,4
3011,1
3012,7
3013,1
3014,1
3015,2
3016,2
3018,1
3019,2
3020,3
3021,1
3022,3
3024,4
3025,2
3026,1
3027,2
3029,2
3030,2
3031,1
3032,4
3033,1
3034,2
3035,3
3036,1
3037,2
3038,2
3039,2
3040,2
3041,2
3042,2
3043,1
3044,2
3045,2
3047,1
3049,5
3050,3
3051,1
3052,2
3053,5
3054,1
3055,1
3056,1
3057,3
3058,1
3059,1
3060,4
3061,1
3063,3
3064,3
3065,2
3066,2
3068,1
3069,2
3070,1
3071,1
3072,1
3075,1
3076,2
3079,1
3081,1
3082,2
3083,2
3084,1
3085,1
3086,2
3087,1
3088,2
3089,4
3090,1
3091,1
3092,2
3093,2
3094,3
3096,3
3098,3
3101,1
3103,3
3104,2
3105,2
3106,1
3107,2
3108,1
3109,1
3110,2
3111,4
3112,1
3113,2
3114,1
3115,1
3116,5
3119,4
3120,4
3121,2
3122,1
3123,2
3124,1
3125,1
3126,1
3127,2
3129,4
3131,2
3132,1
3133,2
3134,4
3135,2
3136,3
3138,1
3139,2
3141,3
3142,1
3143,1
3144,1
3146,1
3147,1
3148,3
3149,4
3150,2
3151,1
3152,1
3153,3
3154,3
3155,3
3156,3
3157,1
3158,2
3159,2
3160,2
3161,3
3162,3
3163,1
3164,2
3168,1
3169,1
3170,1
3171,1
3173,2
3174,2
3175,1
3176,2
3177,2
3178,1
3179,3
3180,2
3182,3
3183,1
3184,1
3185,2
3186,1
3187,3
3188,6
3189,1
3190,2
3191,1
3192,31
3193,31
3195,3
3196,1
3199,2
3201,1
3202,2
3204,1
3205,1
3206,2
3207,1
3210,1
3211,1
3213,1
3215,2
3216,3
3219,1
3220,1
3222,2
3223,1
3224,2
3225,2
3226,7
3227,1
3229,4
3230,1
3231,1
3232,4
3233,3
3235,3
3237,2
3239,1
3240,2
3241,2
3242,1
3243,1
3246,1
3247,1
3249,1
3250,3
3252,2
3253,2
3254,1
3255,2
3257,1
3259,1
3260,2
3262,2
3263,1
3264,3
3265,2
3266,3
3267,3
3268,1
3272,2
3274,1
3275,1
3276,2
3277,1
3278,1
3279,1
3280,1
3281,2
3282,3
3283,1
3284,1
3285,2
3286,2
3287,3
3289,2
3290,2
3291,2
3293,2
3294,2
3296,2
3297,4
3298,5
3299,3
3300,3
3302,1
3303,1
3305,5
3307,2
3308,1
3310,1
3311,2
3312,2
3314,1
3316,1
3317,4
3318,1
3319,9
3320,2
3321,46
3322,4
3323,1
3324,14
3325,4
3326,53
3327,2
3328,3
3330,3
3331,1
3332,2
3333,1
3334,1
3335,2
3336,1
3337,1
3338,1
3339,2
3340,1
3341,1
3342,1
3344,2
3348,2
3349,1
3350,3
3351,3
3353,3
3354,2
3355,3
3357,1
3358,2
3359,4
3360,2
3362,1
3368,2
3369,1
3370,1
3374,2
3375,1
3376,3
3377,2
3378,3
3379,1
3380,2
3381,3
3382,2
3383,1
3384,3
3385,2
3386,2
3389,1
3390,3
3392,5
3395,5
3396,4
3397,1
3398,1
3400,1
3401,1
3403,2
3404,4
3407,2
3408,1
3409,3
3410,1
3412,1
3413,2
3414,1
3415,1
3418,1
3419,3
3421,2
3422,1
3424,2
3425,1
3427,1
3428,12
3429,9
3430,45
3431,2
3432,1
3433,1
3434,3
3435,1
3436,1
3437,5
3440,2
3441,3
3442,1
3443,1
3444,1
3446,2
3447,1
3448,2
3450,2
3452,8
3453,14
3454,28
3455,21
3456,1
3459,1
3460,1
3461,1
3462,1
3464,2
3465,1
3468,1
3471,1
3472,1
3473,2
3474,1
3477,1
3478,3
3480,1
3481,1
3482,2
3483,1
3485,2
3486,3
3487,2
3490,1
3491,2
3493,2
3497,1
3498,2
3501,1
3502,2
3505,1
3507,3
3508,1
3510,2
3511,1
3512,2
3513,1
3514,2
3515,1
3516,2
3517,1
3519,2
3521,1
3522,1
3523,3
3524,2
3525,2
3526,2
3528,1
3529,2
3530,1
3533,1
3534,2
3535,3
3536,1
3539,2
3541,3
3542,1
3543,2
3544,1
3545,1
3546,2
3549,1
3553,2
3554,1
3556,1
3558,2
3559,1
3560,1
3561,1
3562,2
3563,2
3564,2
3565,1
3568,2
3569,2
3571,1
3573,1
3577,1
3578,2
3580,1
3581,1
3582,3
3583,2
3584,2
3585,2
3586,1
3587,3
3588,1
3589,1
3591,3
3592,1
3597,2
3599,2
3601,1
3602,1
3604,1
3610,2
3613,2
3615,1
3619,1
3621,1
3622,1
3623,2
3624,2
3625,2
3626,3
3628,1
3630,1
3632,12
3633,57
3634,2
3635,1
3637,18
3638,46
3640,1
3643,1
3645,2
3649,1
3650,1
3651,1
3652,2
3653,1
3655,2
3656,51
3657,14
3659,1
3660,1
3661,4
3662,1
3663,1
3665,2
3666,1
3667,1
3668,1
3669,1
3670,2
3672,3
3674,1
3676,3
3677,2
3678,1
3680,1
3681,1
3684,2
3685,2
3686,5
3688,1
3689,1
3690,2
3691,1
3692,57
3693,7
3694,1
3695,2
3696,2
3699,1
3700,1
3701,2
3702,2
3703,59
3704,11
3706,2
3707,2
3708,1
3709,3
3710,2
3711,1
3712,1
3713,2
3714,2
3715,2
3719,1
3720,1
3722,6
3723,63
3724,3
3727,1
3729,3
3731,1
3734,3
3735,2
3736,1
3739,1
3742,1
3743,1
3746,2
3747,1
3750,2
3751,2
3752,1
3753,2
3754,2
3756,1
3757,1
3759,2
3760,1
3763,4
3764,2
3766,3
3767,1
3768,1
3769,1
3771,1
3772,2
3776,2
3779,3
3781,2
3782,3
3783,3
3784,40
3785,23
3786,1
3787,2
3789,1
3792,2
3793,39
3794,23
3795,6
3796,2
3797,2
3798,2
3799,1
3800,3
3801,1
3802,1
3805,1
3806,2
3807,3
3808,1
3809,2
3810,1
3811,3
3812,2
3813,1
3814,2
3815,2
3816,1
3817,2
3818,1
3820,3
3821,1
3822,1
3823,2
3824,2
3825,1
3826,3
3829,2
3830,2
3832,1
3833,1
3835,1
3837,1
3839,1
3841,1
3842,3
3843,1
3845,2
3846,2
3847,1
3848,33
3849,35
3850,1
3852,1
3853,1
3854,2
3855,1
3857,2
3858,2
3859,2
3861,2
3862,4
3864,1
3865,2
3866,2
3870,3
3871,2
3872,1
3873,3
3874,1
3875,2
3876,1
3877,1
3878,3
3880,1
3881,1
3882,1
3883,3
3884,1
3886,2
3887,1
3888,2
3889,3
3890,1
3891,2
3892,2
3893,1
3895,3
3897,3
3898,2
3899,1
3901,1
3902,1
3903,1
3904,3
3906,1
3908,1
3909,2
3910,10
3911,57
3912,1
3913,2
3914,1
3915,2
3917,2
3919,1
3920,1
3923,1
3925,2
3926,2
3928,2
3929,1
3931,2
3932,1
3933,3
3935,1
3936,1
3937,1
3938,1
3939,1
3940,3
3941,1
3943,2
3944,1
3945,1
3946,1
3947,1
3948,2
3949,3
3951,3
3955,4
3958,3
3960,2
3962,2
3963,2
3964,2
3966,1
3967,1
3968,1
3971,2
3972,1
3973,2
3974,2
3975,3
3976,1
3977,1
3978,1
3981,1
3989,1
3991,1
3992,1
3993,1
3994,3
3996,1
3997,1
3998,1
3999,1
4000,1
4002,2
4003,14
4004,2
4005,2
4006,3
4007,1
4008,1
4009,1
4010,2
4012,1
4014,3
4015,2
4018,4
4019,4
4020,3
4021,2
4022,2
4023,2
4024,3
4025,3
4026,4
4027,1
4028,1
4029,9
4030,6
4031,1
4032,3
4033,2
4035,5
4036,5
4037,4
4038,1
4039,2
4040,1
4041,4
4042,2
4043,1
4046,1
4047,2
4048,1
4049,1
4051,1
4052,6
4053,1
4054,5
4055,2
4056,4
4057,1
4058,1
4061,2
4062,3
4063,4
4065,2
4066,1
4067,3
4069,4
4070,5
4071,1
4072,6
4074,3
4075,4
4076,1
4078,5
4079,3
4081,2
4084,3
4087,1
4088,1
4089,3
4091,2
4093,4
4095,1
4097,1
4098,4
4099,1
4101,2
4104,2
4105,2
4106,4
4107,3
4108,3
4109,2
4111,3
4113,2
4114,4
4115,2
4117,1
4118,3
4119,1
4122,1
4123,2
4124,4
4125,2
4126,1
4127,1
4128,2
4129,1
4130,2
4133,2
4134,4
4136,1
4137,2
4138,2
4139,2
4140,3
4141,1
4142,1
4144,3
4145,2
4146,4
4148,1
4149,2
4150,3
4151,1
4154,2
4155,1
4157,3
4158,1
4159,1
4160,2
4161,1
4162,4
4164,3
4165,1
4167,1
4168,1
4169,49
4170,18
4171,1
4172,2
4176,1
4177,2
4182,1
4183,5
4184,2
4185,2
4187,1
4189,3
4190,1
4191,1
4192,2
4193,1
4194,1
4196,2
4198,2
4200,2
4202,1
4208,1
4209,1
4210,2
4212,2
4213,4
4215,3
4217,2
4218,3
4219,1
4220,3
4221,3
4222,18
4223,6
4224,1
4225,2
4226,1
4227,1
4228,4
4229,3
4230,3
4231,8
4232,1
4236,1
4239,1
4242,1
4243,2
4244,1
4245,1
4246,3
4250,3
4253,1
4254,4
4255,2
4256,2
4257,2
4258,2
4259,3
4262,1
4263,2
4264,3
4265,1
4266,2
4268,2
4269,1
4271,1
4272,1
4273,1
4274,1
4275,2
4277,2
4278,3
4280,1
4281,3
4282,1
4283,1
4287,3
4288,1
4289,1
4293,3
4294,4
4296,1
4299,1
4303,2
4304,2
4306,1
4307,4
4308,2
4309,1
4311,1
4312,1
4314,7
4315,1
4317,2
4319,1
4320,1
4321,2
4322,2
4324,5
4325,2
4326,1
4327,4
4329,4
4330,4
4333,1
4334,1
4335,5
4336,1
4338,1
4339,4
4340,2
4344,1
4346,2
4348,2
4349,1
4351,1
4353,4
4354,1
4356,1
4357,1
4360,1
4361,1
4366,3
4367,3
4368,2
4370,1
4371,1
4372,3
4373,2
4374,1
4377,1
4378,2
4379,1
4380,1
4382,3
4383,3
4384,2
4385,1
4386,2
4388,1
4390,2
4392,2
4393,1
4400,4
4402,2
4403,3
4404,3
4406,1
4408,1
4409,3
4410,2
4416,1
4418,1
4419,3
4420,3
4422,1
4423,3
4424,5
4426,3
4428,1
4434,1
4438,1
4442,2
4443,2
4444,4
4446,2
4449,1
4450,2
4451,1
4453,1
4455,4
4456,6
4457,1
4458,2
4459,37
4462,3
4464,1
4465,1
4466,1
4467,2
4469,1
4470,4
4472,2
4473,1
4474,2
4475,3
4476,1
4481,1
4483,5
4484,5
4485,4
4487,1
4494,1
4495,1
4501,1
4502,2
4503,1
4505,1
4506,1
4508,4
4510,1
4513,2
4514,1
4516,1
4517,2
4519,1
4521,1
4522,1
4523,1
4525,1
4527,4
4528,2
4530,1
4532,2
4535,1
4537,1
4538,2
4540,1
4541,1
4543,1
4544,2
4545,1
4547,1
4552,1
4553,2
4560,1
4563,1
4565,2
4566,2
4567,4
4568,1
4569,2
4570,2
4571,2
4572,2
4573,2
4574,1
4577,2
4578,1
4581,1
4582,2
4583,2
4587,1
4588,1
4590,1
4592,1
4593,1
4594,1
4596,2
4597,1
4598,1
4600,1
4601,2
4606,1
4609,2
4610,1
4611,5
4612,2
4613,1
4614,3
4617,3
4622,2
4623,2
4624,10
4625,39
4626,17
4627,1
4628,2
4630,1
4632,1
4639,3
4640,3
4641,2
4643,1
4644,2
4645,2
4646,1
4648,3
4652,1
4653,1
4654,1
4655,1
4658,1
4659,3
4660,1
4663,1
4664,6
4665,2
4666,1
4667,2
4668,4
4671,2
4672,1
4674,1
4676,1
4678,1
4679,1
4682,1
4683,1
4684,1
4685,1
4686,2
4689,2
4690,1
4691,4
4694,1
4696,1
4697,1
4700,1
4702,3
4703,1
4704,2
4705,3
4710,1
4711,1
4712,1
4718,1
4719,1
4720,2
4723,2
4724,2
4726,1
4728,1
4729,1
4731,2
4732,1
4734,1
4735,1
4738,1
4741,2
4742,1
4744,1
4746,2
4747,1
4748,2
4749,5
4750,2
4752,1
4755,1
4759,1
4760,1
4763,1
4764,2
4765,2
4766,1
4767,1
4769,1
4771,1
4772,1
4773,1
4774,2
4781,1
4784,1
4786,1
4787,1
4789,2
4791,3
4793,1
4794,2
4797,1
4801,1
4802,2
4804,3
4805,1
4809,1
4810,1
4812,1
4814,3
4816,3
4818,3
4820,2
4821,1
4823,1
4826,1
4827,1
4829,2
4834,2
4836,1
4839,2
4840,1
4841,1
4844,1
4846,1
4848,1
4849,1
4851,2
4853,2
4855,2
4856,1
4858,1
4859,2
4862,1
4863,2
4864,1
4865,1
4867,2
4869,2
4871,2
4874,1
4875,1
4876,1
4880,1
4881,1
4883,1
4885,1
4886,2
4888,1
4889,1
4892,1
4893,2
4894,2
4895,2
4896,3
4897,1
4898,1
4904,2
4906,1
4910,1
4911,1
4915,1
4917,1
4919,1
4920,1
4924,3
4925,1
4927,2
4930,2
4933,1
4938,2
4941,1
4942,1
4943,2
4944,3
4947,2
4950,3
4951,2
4952,1
4954,1
4955,1
4959,1
4961,1
4962,3
4966,1
4970,2
4977,1
4980,3
4981,1
4982,2
4985,1
4990,1
4991,1
4997,1
4998,1
4999,2
5005,1
5007,1
5008,1
5009,1
5010,3
5011,2
5014,2
5023,1
5025,2
5027,1
5029,1
5034,3
5036,1
5039,1
5042,2
5046,2
5047,3
5049,1
5051,1
5052,1
5053,3
5055,2
5058,1
5063,1
5065,2
5072,1
5076,3
5077,1
5080,1
5084,1
5085,1
5086,1
5087,1
5090,1
5097,1
5103,2
5106,1
5107,1
5108,1
5109,3
5110,1
5113,2
5116,1
5121,1
5122,3
5123,1
5124,1
5125,1
5126,1
5127,1
5133,1
5136,1
5138,2
5140,4
5141,1
5143,1
5144,4
5146,1
5148,3
5155,2
5157,2
5159,1
5162,1
5165,1
5170,2
5174,1
5175,1
5176,2
5180,4
5182,1
5186,5
5188,3
5190,1
5191,2
5192,1
5194,1
5195,1
5196,1
5198,2
5199,3
5200,1
5202,2
5203,1
5204,3
5206,1
5208,1
5209,1
5211,3
5213,2
5216,2
5218,2
5223,2
5229,2
5231,2
5233,2
5235,1
5240,2
5241,1
5242,1
5245,2
5246,1
5247,1
5248,2
5250,1
5251,2
5252,1
5253,1
5255,1
5258,4
5260,2
5262,1
5263,1
5266,2
5274,2
5277,1
5280,1
5284,1
5285,2
5286,1
5289,1
5290,1
5295,1
5298,1
5301,2
5303,1
5305,1
5307,1
5308,2
5315,2
5318,1
5325,2
5328,1
5329,1
5330,1
5334,2
5338,1
5344,2
5345,1
5346,2
5347,16
5348,7
5354,1
5358,2
5360,2
5361,1
5364,1
5368,1
5369,1
5374,1
5375,1
5378,3
5379,2
5383,3
5391,1
5392,2
5396,1
5397,1
5399,1
5403,2
5404,3
5405,1
5406,1
5407,1
5408,1
5412,1
5413,1
5417,1
5418,1
5422,2
5424,2
5425,1
5426,2
5427,1
5433,1
5435,1
5439,1
5440,2
5443,1
5444,1
5447,1
5450,1
5453,1
5454,1
5457,1
5459,1
5461,1
5463,1
5464,1
5466,1
5467,1
5471,1
5476,2
5478,1
5479,1
5480,1
5483,2
5486,2
5494,1
5498,1
5502,1
5504,2
5506,1
5509,1
5511,1
5512,3
5513,8
5514,17
5516,2
5517,1
5519,1
5527,1
5529,4
5531,1
5535,1
5536,2
5539,1
5541,1
5545,1
5546,1
5562,1
5568,2
5573,1
5575,4
5583,2
5585,1
5586,1
5592,1
5594,2
5598,1
5602,1
5604,3
5606,2
5607,2
5608,1
5609,2
5610,2
5611,1
5616,1
5617,1
5619,1
5620,2
5621,1
5622,2
5623,2
5625,2
5626,1
5627,3
5631,1
5640,1
5642,1
5643,1
5644,1
5646,1
5648,3
5649,22
5652,1
5653,1
5656,2
5657,3
5660,2
5662,1
5663,4
5664,1
5666,1
5671,2
5681,1
5682,1
5692,1
5693,4
5694,1
5698,1
5700,2
5702,1
5703,1
5711,3
5712,1
5714,1
5716,1
5718,1
5723,1
5724,5
5729,1
5731,1
5734,2
5736,1
5738,1
5739,1
5740,2
5742,2
5743,1
5750,1
5758,2
5759,1
5764,2
5765,1
5766,2
5770,1
5771,1
5773,1
5774,1
5777,1
5780,1
5783,1
5784,1
5785,2
5790,1
5793,1
5800,1
5802,1
5803,1
5807,1
5809,1
5811,4
5812,2
5815,1
5817,1
5819,1
5820,1
5822,4
5824,2
5828,1
5830,4
5831,3
5832,3
5835,2
5839,1
5840,1
5841,1
5847,1
5850,1
5857,1
5861,1
5862,1
5864,1
5865,1
5872,3
5874,1
5875,1
5876,1
5884,1
5886,1
5892,1
5896,1
5900,1
5909,1
5910,1
5912,4
5919,2
5923,1
5924,1
5925,2
5926,1
5929,1
5932,2
5939,1
5940,1
5946,1
5952,1
5956,2
5957,2
5960,1
5970,1
5973,3
5975,2
5976,1
5987,1
5989,2
5990,1
5993,1
5998,1
6000,1
6004,1
6005,2
6006,2
6008,1
6014,11
6015,14
6017,1
6020,1
6025,1
6027,4
6028,6
6029,17
6032,1
6033,2
6036,2
6041,1
6042,1
6045,2
6046,2
6048,2
6051,2
6054,3
6055,1
6056,2
6057,1
6063,2
6070,3
6077,2
6082,1
6083,3
6085,1
6086,2
6089,1
6090,1
6093,1
6096,2
6099,1
6105,1
6108,1
6111,2
6112,1
6115,1
6116,1
6117,1
6118,3
6120,2
6121,1
6125,1
6127,1
6128,3
6133,2
6135,1
6136,2
6138,1
6140,2
6146,2
6149,2
6153,2
6163,1
6164,1
6170,1
6172,1
6173,3
6175,1
6176,1
6184,1
6185,4
6191,1
6196,1
6199,1
6200,1
6201,1
6202,1
6204,1
6205,2
6207,4
6208,61
6209,2
6213,1
6214,1
6215,1
6220,1
6222,2
6226,2
6227,1
6234,1
6235,2
6241,1
6242,1
6245,2
6247,2
6250,2
6251,1
6253,2
6254,1
6257,1
6265,1
6268,2
6269,1
6278,1
6280,2
6281,1
6284,1
6285,1
6291,3
6292,7
6293,59
6297,1
6302,1
6306,1
6308,1
6309,2
6310,1
6313,1
6314,1
6315,1
6316,3
6320,2
6322,1
6323,1
6330,1
6331,1
6332,1
6334,2
6335,1
6338,1
6340,1
6342,1
6346,1
6352,1
6355,2
6357,1
6364,1
6371,1
6373,2
6381,2
6382,1
6383,2
6385,1
6387,1
6390,1
6391,1
6393,2
6396,1
6397,3
6402,2
6403,1
6407,1
6408,1
6411,1
6423,1
6425,1
6431,1
6432,1
6433,1
6434,1
6443,1
6444,1
6445,1
6447,1
6448,2
6460,2
6462,2
6465,1
6472,3
6475,1
6478,1
6479,1
6480,1
6481,1
6486,1
6487,1
6491,1
6500,1
6501,2
6507,1
6509,1
6518,1
6526,1
6528,1
6529,1
6530,1
6531,1
6542,2
6543,3
6545,3
6548,2
6550,6
6551,1
6553,2
6555,4
6557,2
6558,1
6559,2
6560,1
6562,1
6563,1
6564,1
6566,4
6567,8
6568,2
6569,1
6570,4
6571,1
6572,1
6573,1
6574,4
6575,3
6576,1
6577,4
6578,3
6579,2
6581,2
6582,4
6586,3
6587,2
6589,4
6591,1
6596,1
6597,1
6598,3
6600,2
6601,1
6602,1
6603,1
6604,1
6606,2
6607,1
6608,1
6610,3
6611,1
6616,1
6621,1
6625,59
6626,8
6629,4
6632,1
6635,1
6637,1
6639,1
6642,1
6643,10
6644,44
6645,1
6647,1
6649,1
6650,1
6653,1
6654,1
6657,1
6659,1
6663,1
6666,1
6667,1
6668,1
6669,1
6670,1
6673,1
6678,2
6681,2
6682,1
6684,1
6687,1
6688,1
6689,1
6690,1
6692,1
6693,1
6698,1
6699,1
6702,1
6704,2
6709,1
6710,1
6717,2
6724,1
6727,2
6731,3
6733,1
6734,1
6736,1
6746,2
6750,1
6751,1
6753,1
6755,2
6757,1
6776,1
6777,1
6779,2
6780,1
6781,1
6785,1
6786,1
6794,1
6798,2
6799,1
6803,1
6805,1
6807,1
6812,2
6820,3
6833,2
6834,1
6839,1
6841,1
6847,2
6851,1
6852,3
6854,1
6858,1
6866,1
6871,1
6872,1
6874,1
6880,1
6885,1
6886,2
6895,1
6896,1
6899,2
6901,1
6908,1
6913,1
6922,1
6923,1
6926,1
6927,1
6931,2
6932,2
6935,1
6936,1
6938,1
6942,1
6945,2
6948,53
6949,2
6958,1
6960,1
6961,2
6963,1
6964,1
6971,1
6980,2
6983,1
6984,1
6987,1
6996,1
7002,1
7009,1
7010,1
7021,1
7025,1
7026,1
7029,2
7030,1
7036,2
7042,1
7053,1
7060,1
7068,1
7072,1
7076,1
7078,1
7084,1
7086,1
7087,1
7089,2
7095,1
7098,2
7105,1
7110,1
7113,2
7121,1
7122,1
7130,3
7133,2
7136,1
7145,3
7146,1
7149,1
7151,2
7152,1
7155,1
7162,1
7163,1
7165,1
7169,2
7172,1
7173,1
7182,1
7183,1
7184,3
7185,45
7186,4
7187,12
7188,3
7191,1
7193,2
7194,1
7196,2
7197,3
7205,2
7208,1
7211,1
7214,9
7215,2
7216,1
7217,19
7218,20
7220,7
7221,14
7224,1
7228,1
7232,1
7234,1
7235,4
7236,1
7237,1
7241,9
7242,4
7244,13
7245,5
7251,1
7252,1
7253,1
7260,1
7267,1
7269,1
7273,1
7275,1
7279,1
7284,1
7285,1
7286,1
7302,2
7313,1
7318,1
7319,1
7321,1
7343,1
7350,2
7351,1
7352,1
7353,1
7356,1
7376,2
7378,1
7386,3
7387,1
7389,1
7394,1
7395,1
7399,1
7408,1
7410,1
7414,1
7423,1
7435,1
7436,1
7438,1
7445,2
7448,2
7449,1
7461,1
7465,1
7476,1
7479,1
7484,1
7491,1
7494,1
7500,1
7503,1
7509,1
7516,3
7521,1
7530,1
7533,3
7535,2
7537,1
7541,1
7544,1
7548,1
7552,1
7555,3
7562,2
7563,1
7568,1
7569,3
7571,1
7574,1
7578,1
7583,1
7584,3
7586,1
7587,1
7588,1
7596,1
7597,1
7600,1
7604,1
7605,1
7618,1
7626,1
7627,1
7628,1
7638,2
7651,1
7653,1
7657,1
7660,1
7661,3
7668,1
7676,1
7689,1
7704,1
7705,1
7706,4
7714,1
7718,1
7747,2
7748,1
7757,1
7758,3
7760,2
7762,1
7763,1
7766,2
7771,1
7772,1
7773,1
7781,2
7782,2
7784,1
7786,1
7798,1
7804,1
7809,1
7817,1
7819,1
7820,1
7823,1
7826,1
7829,1
7832,1
7835,7
7838,3
7839,10
7840,1
7842,13
7843,3
7845,11
7846,3
7848,3
7851,4
7852,1
7854,1
7855,1
7857,1
7858,1
7860,1
7869,1
7879,1
7886,2
7887,2
7890,1
7899,1
7904,1
7905,1
7909,1
7915,1
7932,1
7936,1
7943,1
7948,1
7952,2
7954,2
7968,1
7979,1
7994,1
7999,1
8008,1
8014,1
8015,1
8018,2
8050,1
8052,1
8063,1
8090,2
8100,1
8101,1
8102,1
8105,1
8109,1
8112,1
8122,1
8124,1
8130,1
8131,1
8143,1
8146,1
8154,2
8156,1
8157,1
8159,1
8170,1
8171,1
8173,1
8184,2
8189,2
8194,1
8199,1
8205,1
8209,1
8213,1
8214,1
8217,1
8230,1
8232,2
8243,1
8250,1
8251,1
8258,3
8260,1
8264,1
8266,1
8270,1
8275,1
8276,1
8308,2
8311,2
8325,2
8330,1
8337,2
8338,1
8339,2
8340,2
8341,1
8345,2
8351,2
8358,2
8360,1
8369,1
8370,1
8377,1
8378,1
8392,1
8393,1
8398,4
8399,5
8400,1
8404,2
8413,1
8414,2
8420,1
8440,1
8480,1
8489,1
8492,1
8498,1
8513,2
8515,1
8517,1
8524,1
8530,1
8535,1
8539,3
8547,1
8559,2
8562,1
8565,1
8566,1
8570,1
8572,1
8573,1
8576,2
8577,1
8582,1
8584,1
8586,1
8587,1
8589,1
8591,1
8592,1
8597,1
8598,1
8609,1
8610,1
8622,1
8631,1
8639,1
8656,2
8674,1
8675,1
8690,1
8694,1
8695,2
8709,1
8710,1
8711,1
8720,2
8724,1
8734,2
8742,1
8747,3
8757,5
8759,5
8761,1
8764,2
8765,1
8768,55
8769,9
8777,1
8779,1
8780,1
8781,3
8792,1
8803,1
8814,1
8820,5
8827,1
8829,1
8830,13
8831,15
8834,1
8837,5
8838,4
8845,1
8848,1
8850,3
8853,1
8858,1
8864,1
8865,1
8868,1
8872,1
8873,1
8879,1
8893,1
8897,1
8900,1
8901,1
8907,3
8909,1
8911,1
8917,7
8921,2
8928,2
8935,1
8942,1
8948,1
8951,1
8953,1
8955,1
8956,1
8960,1
8976,1
8990,1
8997,1
9013,1
9020,1
9021,1
9027,1
9030,1
9037,1
9038,1
9045,1
9052,1
9074,1
9086,1
9089,1
9103,1
9106,1
9127,1
9134,2
9140,1
9144,1
9147,1
9153,1
9156,2
9167,1
9172,1
9176,3
9182,1
9196,1
9209,2
9217,3
9219,2
9220,6
9223,1
9226,2
9227,1
9237,1
9241,2
9246,1
9248,1
9250,1
9259,1
9265,1
9268,1
9272,1
9287,2
9291,2
9292,1
9295,1
9301,1
9306,2
9311,1
9314,1
9320,1
9326,1
9329,1
9347,2
9358,2
9359,1
9365,2
9368,1
9388,1
9392,1
9404,1
9405,1
9413,1
9414,1
9422,1
9424,2
9429,2
9431,2
9433,4
9434,2
9437,1
9441,1
9442,3
9443,1
9444,1
9451,1
9474,1
9478,1
9479,1
9480,1
9481,1
9482,1
9483,2
9494,1
9500,1
9516,1
9519,1
9521,2
9523,1
9528,1
9531,1
9570,1
9572,1
9581,1
9583,1
9591,2
9595,1
9600,1
9601,1
9602,24
9603,22
9604,8
9605,2
9606,5
9611,1
9613,1
9637,2
9638,1
9639,1
9642,1
9643,2
9644,1
9649,1
9650,1
9651,2
9656,1
9661,1
9663,1
9684,1
9685,1
9707,1
9708,1
9709,1
9735,1
9739,1
9742,1
9748,1
9756,1
9765,2
9766,7
9767,1
9769,1
9770,1
9774,1
9775,1
9776,1
9777,3
9785,1
9795,1
9799,2
9805,1
9810,1
9811,1
9826,2
9831,1
9855,1
9858,2
9870,1
9897,1
9898,1
9900,1
9903,2
9930,2
9939,1
9940,1
9943,2
9957,1
9958,1
9964,2
9967,1
9973,1
9979,1
9982,1
9999,1
10013,2
10023,2
10026,1
10028,1
10049,1
10062,1
10063,1
10064,1
10066,1
10068,1
10078,1
10084,1
10114,1
10124,1
10125,1
10126,2
10136,2
10137,15
10138,47
10150,1
10152,1
10161,2
10170,1
10171,2
10172,1
10173,1
10179,1
10181,2
10183,1
10208,1
10228,1
10233,1
10237,1
10241,1
10244,1
10245,2
10259,1
10272,2
10288,1
10306,1
10311,1
10312,1
10319,5
10328,6
10331,3
10333,1
10336,2
10337,10
10338,1
10343,16
10345,1
10346,22
10353,1
10356,1
10359,1
10361,1
10376,1
10381,3
10382,2
10383,1
10390,1
10396,1
10397,1
10398,1
10403,1
10409,1
10422,2
10432,1
10439,1
10444,1
10452,1
10456,1
10469,1
10473,1
10474,1
10483,1
10495,1
10500,2
10503,1
10504,2
10506,1
10532,1
10552,1
10554,2
10563,1
10568,1
10570,1
10588,1
10596,1
10611,1
10635,1
10660,1
10668,1
10670,1
10687,1
10698,1
10715,2
10718,1
10722,2
10736,1
10739,1
10767,1
10774,1
10816,1
10825,1
10839,1
10840,1
10843,2
10846,1
10865,1
10902,1
10906,2
10907,1
10909,1
10936,2
10943,1
10944,1
10945,1
10972,1
10973,1
10974,1
10975,1
10984,1
10993,1
11017,1
11019,1
11020,1
11022,1
11025,1
11027,1
11032,1
11037,1
11055,1
11056,1
11064,1
11077,1
11083,1
11084,1
11092,1
11098,3
11102,1
11106,2
11115,1
11119,1
11143,1
11149,2
11161,1
11174,1
11175,2
11180,1
11188,1
11189,1
11191,2
11192,1
11201,1
11218,1
11219,1
11240,1
11241,1
11248,1
11251,1
11257,1
11258,1
11265,1
11286,1
11287,1
11297,2
11298,5
11301,3
11302,1
11308,1
11313,1
11331,1
11336,2
11349,1
11401,2
11402,1
11407,1
11411,1
11420,2
11425,1
11430,1
11454,1
11455,1
11477,1
11482,1
11484,1
11497,1
11502,1
11522,1
11548,1
11549,1
11557,1
11559,1
11611,1
11616,1
11619,1
11621,1
11622,1
11627,1
11641,1
11651,1
11655,1
11662,1
11679,1
11681,1
11702,1
11703,1
11704,1
11721,1
11730,1
11760,1
11777,1
11788,1
11792,1
11811,1
11813,1
11815,1
11820,1
11821,1
11834,1
11835,1
11839,2
11840,2
11854,1
11889,1
11923,1
11938,1
11946,2
11972,2
11980,1
12002,1
12036,1
12040,1
12050,1
12051,1
12055,1
12065,1
12084,2
12098,1
12103,1
12131,1
12133,1
12142,1
12184,1
12188,1
12194,1
12200,2
12202,1
12204,1
12208,1
12211,1
12212,1
12223,1
12237,1
12256,1
12267,1
12271,1
12277,1
12279,1
12330,1
12352,1
12357,1
12362,2
12369,1
12375,1
12427,1
12447,1
12460,1
12481,2
12497,3
12500,2
12506,2
12507,1
12551,2
12563,1
12566,1
12586,1
12587,1
12606,1
12665,1
12692,1
12694,1
12708,1
12710,1
12740,1
12772,1
12789,1
12791,1
12831,1
12853,2
12854,1
12855,1
12863,1
12868,1
12884,1
12894,1
12895,1
12896,1
12902,2
12909,2
12936,1
12938,1
12948,1
12950,1
12969,1
12973,1
13006,1
13015,1
13027,1
13028,1
13040,2
13041,1
13088,1
13121,1
13129,1
13155,1
13166,1
13171,1
13211,1
13228,1
13243,1
13247,1
13248,1
13249,1
13251,1
13268,2
13277,1
13289,1
13304,1
13312,1
13346,1
13387,1
13391,1
13405,1
13421,1
13449,1
13467,2
13485,1
13486,1
13496,1
13499,1
13514,1
13518,1
13598,1
13608,1
13616,1
13617,1
13640,1
13642,1
13649,2
13683,1
13710,1
13716,1
13729,2
13786,1
13796,1
13801,1
13805,1
13834,1
13842,1
13862,1
13864,2
13936,1
14037,2
14045,1
14053,1
14074,1
14117,1
14149,1
14161,1
14168,1
14176,1
14177,1
14206,1
14210,1
14226,2
14236,1
14266,1
14269,1
14274,1
14277,1
14332,2
14348,1
14393,1
14397,2
14424,2
14450,1
14460,1
14499,1
14513,1
14545,1
14569,1
14587,1
14590,1
14596,1
14614,1
14675,1
14692,1
14706,1
14723,1
14724,1
14737,1
14751,1
14753,1
14761,1
14782,1
14786,1
14788,2
14797,1
14808,1
14809,1
14821,1
14822,1
14837,1
14930,1
14932,1
14958,1
14961,1
14969,1
14975,1
14981,2
14991,1
15049,1
15056,1
15084,1
15094,1
15108,1
15111,1
15157,2
15175,1
15180,1
15184,1
15189,1
15191,2
15197,2
15212,1
15225,1
15244,1
15289,1
15319,1
15329,1
15400,1
15401,3
15425,1
15490,1
15491,1
15505,3
15506,1
15511,1
15525,1
15526,1
15544,2
15545,1
15584,1
15634,1
15648,1
15660,2
15674,2
15683,1
15699,1
15729,1
15738,1
15742,2
15774,1
15786,2
15796,1
15804,1
15806,1
15821,1
15847,2
15859,2
15875,1
15915,1
15929,1
15941,1
15942,1
15979,1
15992,2
15997,1
16023,1
16024,1
16027,1
16031,1
16034,1
16039,1
16063,1
16081,1
16082,1
16123,1
16130,1
16141,2
16150,1
16165,1
16205,1
16224,2
16235,1
16251,1
16252,1
16269,1
16270,1
16307,1
16314,1
16358,1
16359,1
16372,1
16374,1
16411,1
16413,1
16482,1
16489,1
16490,1
16503,1
16575,2
16597,1
16610,1
16648,2
16665,1
16685,1
16693,1
16728,1
16747,2
16779,1
16781,1
16804,1
16813,1
16825,1
16845,1
16896,1
16919,1
16951,1
16978,1
17017,1
17031,1
17042,1
17113,1
17134,1
17156,1
17175,1
17213,1
17230,1
17253,1
17289,2
17291,1
17306,1
17425,1
17427,1
17455,1
17487,1
17519,1
17562,2
17618,2
17620,1
17621,1
17654,1
17665,1
17714,1
17730,23
17731,2
17748,1
17751,1
17779,1
17782,1
17788,1
17806,1
17842,2
17933,1
17957,2
17970,1
17989,1
18001,1
18014,1
18015,1
18060,1
18072,1
18154,1
18162,1
18173,1
18206,1
18228,2
18264,1
18265,1
18270,1
18338,1
18340,1
18415,2
18455,1
18484,1
18492,1
18494,1
18500,1
18503,1
18531,1
18665,2
18765,1
18779,1
18786,1
18790,1
18797,1
18800,1
18824,1
18829,1
18840,1
18896,1
18941,2
18957,2
18984,1
18987,1
19072,1
19079,1
19094,1
19176,1
19188,1
19201,1
19247,1
19321,2
19378,1
19379,1
19380,1
19431,1
19458,1
19459,1
19531,2
19562,1
19563,1
19564,1
19583,1
19597,1
19615,1
19686,1
19687,1
19718,1
19757,1
19829,1
19891,1
19959,1
20023,2
20030,1
20047,1
20057,1
20061,1
20079,2
20126,1
20160,1
20177,1
20192,1
20203,1
20249,1
20315,2
20340,1
20343,1
20414,1
20415,1
20455,1
20489,2
20506,1
20574,1
20632,2
20654,1
20704,1
20707,1
20795,1
20804,1
20848,1
20870,1
20939,1
21031,1
21090,1
21107,1
21123,1
21134,1
21137,2
21138,1
21139,12
21140,17
21153,1
21354,1
21365,1
21420,1
21427,1
21437,1
21445,1
21465,1
21471,1
21517,1
21548,1
21597,1
21634,1
21657,2
21703,1
21711,1
21713,1
21757,1
21791,1
21867,1
21885,1
21908,1
21926,1
21944,1
22022,1
22070,1
22133,1
22159,1
22174,1
22195,1
22217,1
22226,1
22258,1
22287,1
22304,1
22320,1
22593,1
22650,1
22681,5
22682,21
22683,6
22697,1
22723,1
22727,1
22836,1
22861,1
22940,1
23052,1
23109,1
23190,1
23192,1
23212,1
23231,1
23280,1
23315,1
23328,1
23330,1
23354,2
23410,1
23471,1
23474,1
23485,1
23486,1
23556,1
23565,2
23566,13
23567,16
23570,1
23580,1
23607,1
23761,1
23802,1
23826,1
23827,1
23832,1
23858,1
23866,1
23884,2
23937,1
23946,1
24046,1
24108,2
24174,1
24293,1
24297,1
24326,1
24569,1
24646,1
24726,2
24747,1
24775,1
24852,1
24878,1
24915,2
24945,1
24946,1
24954,1
24996,1
25044,1
25047,1
25054,1
25069,1
25203,1
25213,1
25224,1
25291,1
25364,1
25396,1
25450,2
25526,1
25747,1
25795,1
25814,1
25955,1
26027,1
26043,1
26071,1
26124,1
26133,1
26246,1
26297,1
26299,1
26325,1
26334,1
26456,1
26457,1
26515,1
26614,1
26775,1
26794,1
26808,1
26912,2
26938,1
26963,1
27070,1
27126,2
27128,1
27129,1
27132,3
27133,1
27134,1
27138,1
27141,1
27239,1
27269,1
27274,1
27280,2
27281,10
27282,9
27283,2
27284,4
27285,8
27286,1
27299,1
27307,1
27322,13
27323,49
27335,1
27344,1
27390,2
27410,1
27435,1
27467,1
27546,1
27647,1
27753,1
27817,1
27824,1
27903,4
27904,59
27905,1
27911,1
27916,1
27918,1
27991,1
28037,1
28040,2
28080,1
28094,2
28145,1
28148,1
28153,2
28154,14
28155,38
28156,7
28157,1
28158,2
28166,1
28167,1
28189,2
28198,1
28237,2
28249,1
28481,2
28554,1
28556,2
28569,1
28571,2
28589,1
28604,1
28627,1
28648,1
28685,1
28697,1
28736,1
28749,1
28833,2
28893,1
28897,1
28983,1
28984,3
28985,25
28986,35
29002,1
29007,2
29009,1
29018,1
29022,1
29055,1
29060,1
29061,4
29062,5
29063,13
29064,5
29065,35
29075,3
29076,61
29077,1
29082,1
29085,1
29091,1
29103,1
29162,1
29215,1
29244,1
29257,5
29258,22
29259,36
29276,1
29286,1
29332,1
29337,1
29518,2
29526,1
29639,1
29660,2
29754,1
29792,1
29860,1
29879,1
29881,1
29895,1
29937,1
29942,1
30116,3
30117,18
30118,43
30127,1
30135,1
30146,1
30155,1
30164,1
30179,1
30248,2
30295,1
30297,2
30298,2
30299,14
30300,29
30301,16
30308,2
30314,1
30456,1
30514,4
30515,52
30516,8
30532,1
30556,1
30580,1
30589,1
30609,2
30612,1
30618,1
30626,1
30633,1
30636,2
30639,3
30642,19
30644,6
30645,28
30658,1
30684,1
30685,1
30703,1
30704,4
30705,46
30706,11
30712,1
30722,1
30726,1
30818,1
30878,1
30932,1
30994,1
31141,1
31145,1
31168,1
31315,1
31460,1
31513,1
31524,1
31837,1
32221,1
32370,1
32470,1
32471,1
32472,7
32473,31
32474,20
32488,1
32608,1
32609,1
32654,1
32899,1
32936,1
32951,1
33012,4
33018,3
33019,17
33020,39
33031,1
33039,1
33201,1
33493,1
34406,1
34568,1
34569,6
34570,16
34571,2
34587,1
34770,1
35071,1
35105,1
35150,2
35230,1
35237,1
35654,1
35703,2
35751,1
35958,1
36110,1
36168,2
36523,2
36524,3
36525,1
36526,15
36527,4
36541,1
36740,1
37094,1
37426,1
37442,1
37521,1
37612,1
37629,1
37718,1
37841,1
38011,1
38325,1
38394,1
38446,1
38559,1
38614,1
38720,2
38787,1
38957,1
39105,1
39356,1
39502,1
39699,1
39700,1
39701,6
39702,6
39703,4
39704,7
39730,1
40072,1
40356,1
40357,14
40358,1
40359,34
40360,14
40373,1
40630,1
40695,1
40901,1
40902,9
40903,15
40920,1
41194,1
41626,2
41760,4
41761,26
41762,34
41775,1
41907,1
42894,1
42971,1
42984,1
43007,1
43592,2
43656,1
43669,1
43730,1
43812,2
44182,1
44257,2
44490,1
44824,1
45084,1
45085,1
45086,61
45091,1
45103,1
45119,2
45390,1
45391,1
45532,1
46004,1
46508,1
46664,2
46955,1
46961,1
47891,1
48075,1
48281,2
48596,1
48797,1
49481,1
49861,1
50083,2
50259,2
50613,1
50619,4
50620,3
50621,2
50622,51
50626,3
50635,1
50704,1
50802,2
52005,1
52103,1
53157,1
53231,1
53703,2
54214,1
54252,1
54400,1
54697,1
54776,2
55013,1
55634,2
56409,1
56650,1
56775,1
57177,2
57455,1
58195,1
58434,1
58939,1
59391,1
59734,1
59867,1
59869,1
59870,1
60185,1
60798,1
60842,2
60871,1
60960,1
61523,1
61782,2
62502,1
62768,1
62825,1
62872,1
64009,2
64812,1
65146,1
65637,1
65845,1
66514,1
67311,1
68287,1
68907,1
69031,1
69288,1
71263,1
71656,1
71686,1
71922,1
72002,2
72674,1
72683,1
73413,1
73838,1
74230,1
74986,1
75302,1
75883,1
76699,1
77221,1
77295,1
77545,2
78197,1
78583,1
79835,1
81840,1
82253,1
84329,1
85807,1
87673,1
89694,1
91417,1
92164,2
94732,2
94733,12
94734,2
94737,4
94753,1
95770,1
96155,2
96385,1
99352,1
99677,1
100101,1
102814,1
103462,1
103963,1
103994,1
106264,1
107411,1
108038,1
109456,1
110349,1
111019,1
111570,1
111624,1
113803,1
116510,1
116678,1
117570,1
117612,1
117645,1
117915,1
118234,1
120739,1
121971,1
124501,4
124502,25
124505,1
124531,1
127189,1
127267,1
130266,1
132198,1
135275,1
143408,1
148419,1
148672,1
150748,1
158796,1
158798,1
159768,1
166886,2
168076,1
168087,1
168839,1
169077,1
178841,1
189852,2
213036,2
219428,1
224786,1
250628,2
306466,1
306467,2
306468,1
306469,2
306470,1
306471,8
306472,4
306473,3
306474,1
306475,1
306476,4
306477,5
306478,1
306479,1
306480,4
306481,3
306482,3
306483,4
306485,1
306487,2
306488,4
306489,1
306492,1
306493,3
306499,1
306504,1
306515,1
309124,2
309125,4
309126,4
309127,1
309128,2
309131,2
309132,3
309134,1
309135,1
309136,1
309139,1
309141,1
309143,3
309144,2
309145,1
309146,2
309148,1
309149,1
309151,1
309152,1
309154,1
309161,1
309210,1
309213,1
309214,3
309215,3
309216,1
309217,1
309219,1
309220,4
309221,4
309223,1
309225,1
309232,1
309234,1
309236,1
311610,1
311619,2
311620,1
311701,3
311706,1
311708,1
313080,1
